1-2,391
1-3,1186
1-4,1220
1-5,1369
1-6,901
1-7,1133
1-8,1120
1-9,1309
1-10,1395
1-11,1308
1-12,1105
1-13,1280
1-14,1379
1-15,1021
1-16,1249
1-17,1529
1-18,953
1-19,1463
1-20,1163
1-21,598
1-22,1360
1-23,1156
1-24,992
1-25,1006
1-26,1382
1-27,249
1-28,1110
1-29,964
1-30,1537
1-31,357
1-32,1050
1-33,474
1-34,1276
1-35,1591
1-36,1217
1-37,1623
1-38,585
1-39,1433
1-40,958
1-41,1265
1-42,749
1-43,1398
1-44,474
1-45,1551
1-46,327
1-47,596
1-48,1259
1-49,1164
1-50,637
1-51,583
1-52,1162
1-53,997
1-54,1315
1-55,1318
1-56,1352
1-57,1489
1-58,1251
1-59,1385
1-60,1290
1-61,1012
1-62,1083
1-63,378
1-64,1204
1-65,1383
1-66,987
1-67,1466
1-68,656
1-69,884
1-70,655
1-71,840
1-72,1282
1-73,1438
1-74,1529
1-75,1178
1-76,1305
1-77,1193
1-78,1511
1-79,190
1-80,311
1-81,1345
2-1,391
2-3,1197
2-4,1231
2-5,1380
2-6,912
2-7,1144
2-8,1131
2-9,1320
2-10,1406
2-11,1319
2-12,1116
2-13,1291
2-14,1390
2-15,1032
2-16,1260
2-17,1540
2-18,964
2-19,1474
2-20,1174
2-21,609
2-22,1371
2-23,1167
2-24,1003
2-25,1017
2-26,1393
2-27,260
2-28,1121
2-29,975
2-30,1548
2-31,368
2-32,1061
2-33,485
2-34,1287
2-35,1602
2-36,1228
2-37,1634
2-38,596
2-39,1444
2-40,969
2-41,1276
2-42,760
2-43,1409
2-44,485
2-45,1562
2-46,338
2-47,607
2-48,1270
2-49,1175
2-50,648
2-51,594
2-52,1173
2-53,1008
2-54,1326
2-55,1329
2-56,1363
2-57,1500
2-58,1262
2-59,1396
2-60,1301
2-61,1023
2-62,1094
2-63,389
2-64,1215
2-65,1394
2-66,998
2-67,1477
2-68,667
2-69,895
2-70,666
2-71,851
2-72,1293
2-73,1449
2-74,1540
2-75,1189
2-76,1316
2-77,1204
2-78,1522
2-79,201
2-80,322
2-81,1356
3-1,1186
3-2,1197
3-4,1664
3-5,1813
3-6,725
3-7,277
3-8,1564
3-9,453
3-10,832
3-11,745
3-12,1549
3-13,1724
3-14,816
3-15,165
3-16,686
3-17,966
3-18,777
3-19,1907
3-20,307
3-21,1404
3-22,797
3-23,1600
3-24,1436
3-25,1450
3-26,819
3-27,1055
3-28,1554
3-29,1408
3-30,1981
3-31,1163
3-32,194
3-33,1280
3-34,713
3-35,1028
3-36,1661
3-37,2067
3-38,1391
3-39,870
3-40,782
3-41,702
3-42,1555
3-43,835
3-44,1280
3-45,988
3-46,1133
3-47,1402
3-48,403
3-49,1608
3-50,1443
3-51,1389
3-52,1606
3-53,1441
3-54,752
3-55,1762
3-56,1796
3-57,1933
3-58,1695
3-59,822
3-60,1734
3-61,1456
3-62,1527
3-63,1184
3-64,348
3-65,1827
3-66,811
3-67,903
3-68,1462
3-69,1328
3-70,1461
3-71,664
3-72,1726
3-73,1882
3-74,966
3-75,1622
3-76,1749
3-77,630
3-78,948
3-79,996
3-80,1117
3-81,782
4-1,1220
4-2,1231
4-3,1664
4-5,821
4-6,1132
4-7,1611
4-8,572
4-9,1787
4-10,1636
4-11,1549
4-12,557
4-13,732
4-14,1620
4-15,1499
4-16,1490
4-17,1770
4-18,1184
4-19,915
4-20,1641
4-21,1438
4-22,1601
4-23,608
4-24,444
4-25,458
4-26,1623
4-27,1089
4-28,562
4-29,416
4-30,989
4-31,1197
4-32,1528
4-33,1314
4-34,1517
4-35,1832
4-36,669
4-37,1075
4-38,1425
4-39,1674
4-40,1189
4-41,1506
4-42,1589
4-43,1639
4-44,1314
4-45,1792
4-46,1167
4-47,1436
4-48,1737
4-49,616
4-50,1477
4-51,1423
4-52,614
4-53,449
4-54,1556
4-55,770
4-56,804
4-57,941
4-58,703
4-59,1626
4-60,742
4-61,464
4-62,535
4-63,1218
4-64,1682
4-65,835
4-66,1218
4-67,1707
4-68,1496
4-69,336
4-70,1495
4-71,1071
4-72,734
4-73,890
4-74,1770
4-75,630
4-76,757
4-77,1434
4-78,1752
4-79,1030
4-80,1151
4-81,1586
5-1,1369
5-2,1380
5-3,1813
5-4,821
5-6,1281
5-7,1760
5-8,721
5-9,1936
5-10,1785
5-11,1698
5-12,706
5-13,881
5-14,1769
5-15,1648
5-16,1639
5-17,1919
5-18,1333
5-19,1064
5-20,1790
5-21,1587
5-22,1750
5-23,757
5-24,593
5-25,607
5-26,1772
5-27,1238
5-28,711
5-29,565
5-30,1138
5-31,1346
5-32,1677
5-33,1463
5-34,1666
5-35,1981
5-36,818
5-37,1224
5-38,1574
5-39,1823
5-40,1338
5-41,1655
5-42,1738
5-43,1788
5-44,1463
5-45,1941
5-46,1316
5-47,1585
5-48,1886
5-49,765
5-50,1626
5-51,1572
5-52,763
5-53,598
5-54,1705
5-55,919
5-56,953
5-57,1090
5-58,852
5-59,1775
5-60,891
5-61,613
5-62,684
5-63,1367
5-64,1831
5-65,984
5-66,1367
5-67,1856
5-68,1645
5-69,485
5-70,1644
5-71,1220
5-72,883
5-73,1039
5-74,1919
5-75,779
5-76,906
5-77,1583
5-78,1901
5-79,1179
5-80,1300
5-81,1735
6-1,901
6-2,912
6-3,725
6-4,1132
6-5,1281
6-7,672
6-8,1032
6-9,848
6-10,625
6-11,538
6-12,1017
6-13,1192
6-14,609
6-15,560
6-16,479
6-17,759
6-18,174
6-19,1375
6-20,702
6-21,1119
6-22,590
6-23,1068
6-24,904
6-25,918
6-26,612
6-27,770
6-28,1022
6-29,876
6-30,1449
6-31,878
6-32,589
6-33,995
6-34,506
6-35,821
6-36,1129
6-37,1535
6-38,1106
6-39,663
6-40,179
6-41,495
6-42,1270
6-43,628
6-44,995
6-45,781
6-46,848
6-47,1117
6-48,798
6-49,1076
6-50,1158
6-51,1104
6-52,1074
6-53,909
6-54,545
6-55,1230
6-56,1264
6-57,1401
6-58,1163
6-59,615
6-60,1202
6-61,924
6-62,995
6-63,899
6-64,743
6-65,1295
6-66,208
6-67,696
6-68,1177
6-69,796
6-70,1176
6-71,61
6-72,1194
6-73,1350
6-74,759
6-75,1090
6-76,1217
6-77,423
6-78,741
6-79,711
6-80,832
6-81,575
7-1,1133
7-2,1144
7-3,277
7-4,1611
7-5,1760
7-6,672
7-8,1511
7-9,400
7-10,779
7-11,692
7-12,1496
7-13,1671
7-14,763
7-15,112
7-16,633
7-17,913
7-18,724
7-19,1854
7-20,254
7-21,1351
7-22,744
7-23,1547
7-24,1383
7-25,1397
7-26,766
7-27,1002
7-28,1501
7-29,1355
7-30,1928
7-31,1110
7-32,141
7-33,1227
7-34,660
7-35,975
7-36,1608
7-37,2014
7-38,1338
7-39,817
7-40,729
7-41,649
7-42,1502
7-43,782
7-44,1227
7-45,935
7-46,1080
7-47,1349
7-48,350
7-49,1555
7-50,1390
7-51,1336
7-52,1553
7-53,1388
7-54,699
7-55,1709
7-56,1743
7-57,1880
7-58,1642
7-59,769
7-60,1681
7-61,1403
7-62,1474
7-63,1131
7-64,295
7-65,1774
7-66,758
7-67,850
7-68,1409
7-69,1275
7-70,1408
7-71,611
7-72,1673
7-73,1829
7-74,913
7-75,1569
7-76,1696
7-77,577
7-78,895
7-79,943
7-80,1064
7-81,729
8-1,1120
8-2,1131
8-3,1564
8-4,572
8-5,721
8-6,1032
8-7,1511
8-9,1687
8-10,1536
8-11,1449
8-12,457
8-13,632
8-14,1520
8-15,1399
8-16,1390
8-17,1670
8-18,1084
8-19,815
8-20,1541
8-21,1338
8-22,1501
8-23,508
8-24,344
8-25,358
8-26,1523
8-27,989
8-28,462
8-29,316
8-30,889
8-31,1097
8-32,1428
8-33,1214
8-34,1417
8-35,1732
8-36,569
8-37,975
8-38,1325
8-39,1574
8-40,1089
8-41,1406
8-42,1489
8-43,1539
8-44,1214
8-45,1692
8-46,1067
8-47,1336
8-48,1637
8-49,516
8-50,1377
8-51,1323
8-52,514
8-53,349
8-54,1456
8-55,670
8-56,704
8-57,841
8-58,603
8-59,1526
8-60,642
8-61,364
8-62,435
8-63,1118
8-64,1582
8-65,735
8-66,1118
8-67,1607
8-68,1396
8-69,236
8-70,1395
8-71,971
8-72,634
8-73,790
8-74,1670
8-75,530
8-76,657
8-77,1334
8-78,1652
8-79,930
8-80,1051
8-81,1486
9-1,1309
9-2,1320
9-3,453
9-4,1787
9-5,1936
9-6,848
9-7,400
9-8,1687
9-10,955
9-11,868
9-12,1672
9-13,1847
9-14,939
9-15,288
9-16,809
9-17,1089
9-18,900
9-19,2030
9-20,430
9-21,1527
9-22,920
9-23,1723
9-24,1559
9-25,1573
9-26,942
9-27,1178
9-28,1677
9-29,1531
9-30,2104
9-31,1286
9-32,317
9-33,1403
9-34,836
9-35,1151
9-36,1784
9-37,2190
9-38,1514
9-39,993
9-40,905
9-41,825
9-42,1678
9-43,958
9-44,1403
9-45,1111
9-46,1256
9-47,1525
9-48,526
9-49,1731
9-50,1566
9-51,1512
9-52,1729
9-53,1564
9-54,875
9-55,1885
9-56,1919
9-57,2056
9-58,1818
9-59,945
9-60,1857
9-61,1579
9-62,1650
9-63,1307
9-64,471
9-65,1950
9-66,934
9-67,1026
9-68,1585
9-69,1451
9-70,1584
9-71,787
9-72,1849
9-73,2005
9-74,1089
9-75,1745
9-76,1872
9-77,753
9-78,1071
9-79,1119
9-80,1240
9-81,905
10-1,1395
10-2,1406
10-3,832
10-4,1636
10-5,1785
10-6,625
10-7,779
10-8,1536
10-9,955
10-11,317
10-12,1521
10-13,1696
10-14,388
10-15,667
10-16,258
10-17,538
10-18,677
10-19,1879
10-20,809
10-21,1613
10-22,369
10-23,1572
10-24,1408
10-25,1422
10-26,391
10-27,1264
10-28,1526
10-29,1380
10-30,1953
10-31,1372
10-32,696
10-33,1489
10-34,285
10-35,600
10-36,1633
10-37,2039
10-38,1600
10-39,442
10-40,682
10-41,274
10-42,1764
10-43,407
10-44,1489
10-45,560
10-46,1342
10-47,1611
10-48,905
10-49,1580
10-50,1652
10-51,1598
10-52,1578
10-53,1413
10-54,324
10-55,1734
10-56,1768
10-57,1905
10-58,1667
10-59,394
10-60,1706
10-61,1428
10-62,1499
10-63,1393
10-64,850
10-65,1799
10-66,711
10-67,475
10-68,1671
10-69,1300
10-70,1670
10-71,564
10-72,1698
10-73,1854
10-74,538
10-75,1594
10-76,1721
10-77,202
10-78,520
10-79,1205
10-80,1326
10-81,354
11-1,1308
11-2,1319
11-3,745
11-4,1549
11-5,1698
11-6,538
11-7,692
11-8,1449
11-9,868
11-10,317
11-12,1434
11-13,1609
11-14,301
11-15,580
11-16,171
11-17,451
11-18,590
11-19,1792
11-20,722
11-21,1526
11-22,282
11-23,1485
11-24,1321
11-25,1335
11-26,304
11-27,1177
11-28,1439
11-29,1293
11-30,1866
11-31,1285
11-32,609
11-33,1402
11-34,198
11-35,513
11-36,1546
11-37,1952
11-38,1513
11-39,355
11-40,595
11-41,187
11-42,1677
11-43,320
11-44,1402
11-45,473
11-46,1255
11-47,1524
11-48,818
11-49,1493
11-50,1565
11-51,1511
11-52,1491
11-53,1326
11-54,237
11-55,1647
11-56,1681
11-57,1818
11-58,1580
11-59,307
11-60,1619
11-61,1341
11-62,1412
11-63,1306
11-64,763
11-65,1712
11-66,624
11-67,388
11-68,1584
11-69,1213
11-70,1583
11-71,477
11-72,1611
11-73,1767
11-74,451
11-75,1507
11-76,1634
11-77,115
11-78,433
11-79,1118
11-80,1239
11-81,267
12-1,1105
12-2,1116
12-3,1549
12-4,557
12-5,706
12-6,1017
12-7,1496
12-8,457
12-9,1672
12-10,1521
12-11,1434
12-13,617
12-14,1505
12-15,1384
12-16,1375
12-17,1655
12-18,1069
12-19,800
12-20,1526
12-21,1323
12-22,1486
12-23,493
12-24,329
12-25,343
12-26,1508
12-27,974
12-28,447
12-29,301
12-30,874
12-31,1082
12-32,1413
12-33,1199
12-34,1402
12-35,1717
12-36,554
12-37,960
12-38,1310
12-39,1559
12-40,1074
12-41,1391
12-42,1474
12-43,1524
12-44,1199
12-45,1677
12-46,1052
12-47,1321
12-48,1622
12-49,501
12-50,1362
12-51,1308
12-52,499
12-53,334
12-54,1441
12-55,655
12-56,689
12-57,826
12-58,588
12-59,1511
12-60,627
12-61,349
12-62,420
12-63,1103
12-64,1567
12-65,720
12-66,1103
12-67,1592
12-68,1381
12-69,221
12-70,1380
12-71,956
12-72,619
12-73,775
12-74,1655
12-75,515
12-76,642
12-77,1319
12-78,1637
12-79,915
12-80,1036
12-81,1471
13-1,1280
13-2,1291
13-3,1724
13-4,732
13-5,881
13-6,1192
13-7,1671
13-8,632
13-9,1847
13-10,1696
13-11,1609
13-12,617
13-14,1680
13-15,1559
13-16,1550
13-17,1830
13-18,1244
13-19,975
13-20,1701
13-21,1498
13-22,1661
13-23,668
13-24,504
13-25,518
13-26,1683
13-27,1149
13-28,622
13-29,476
13-30,1049
13-31,1257
13-32,1588
13-33,1374
13-34,1577
13-35,1892
13-36,729
13-37,1135
13-38,1485
13-39,1734
13-40,1249
13-41,1566
13-42,1649
13-43,1699
13-44,1374
13-45,1852
13-46,1227
13-47,1496
13-48,1797
13-49,676
13-50,1537
13-51,1483
13-52,674
13-53,509
13-54,1616
13-55,830
13-56,864
13-57,1001
13-58,763
13-59,1686
13-60,802
13-61,524
13-62,595
13-63,1278
13-64,1742
13-65,895
13-66,1278
13-67,1767
13-68,1556
13-69,396
13-70,1555
13-71,1131
13-72,794
13-73,950
13-74,1830
13-75,690
13-76,817
13-77,1494
13-78,1812
13-79,1090
13-80,1211
13-81,1646
14-1,1379
14-2,1390
14-3,816
14-4,1620
14-5,1769
14-6,609
14-7,763
14-8,1520
14-9,939
14-10,388
14-11,301
14-12,1505
14-13,1680
14-15,651
14-16,242
14-17,522
14-18,661
14-19,1863
14-20,793
14-21,1597
14-22,353
14-23,1556
14-24,1392
14-25,1406
14-26,375
14-27,1248
14-28,1510
14-29,1364
14-30,1937
14-31,1356
14-32,680
14-33,1473
14-34,269
14-35,584
14-36,1617
14-37,2023
14-38,1584
14-39,426
14-40,666
14-41,258
14-42,1748
14-43,391
14-44,1473
14-45,544
14-46,1326
14-47,1595
14-48,889
14-49,1564
14-50,1636
14-51,1582
14-52,1562
14-53,1397
14-54,308
14-55,1718
14-56,1752
14-57,1889
14-58,1651
14-59,378
14-60,1690
14-61,1412
14-62,1483
14-63,1377
14-64,834
14-65,1783
14-66,695
14-67,459
14-68,1655
14-69,1284
14-70,1654
14-71,548
14-72,1682
14-73,1838
14-74,522
14-75,1578
14-76,1705
14-77,186
14-78,504
14-79,1189
14-80,1310
14-81,338
15-1,1021
15-2,1032
15-3,165
15-4,1499
15-5,1648
15-6,560
15-7,112
15-8,1399
15-9,288
15-10,667
15-11,580
15-12,1384
15-13,1559
15-14,651
15-16,521
15-17,801
15-18,612
15-19,1742
15-20,142
15-21,1239
15-22,632
15-23,1435
15-24,1271
15-25,1285
15-26,654
15-27,890
15-28,1389
15-29,1243
15-30,1816
15-31,998
15-32,29
15-33,1115
15-34,548
15-35,863
15-36,1496
15-37,1902
15-38,1226
15-39,705
15-40,617
15-41,537
15-42,1390
15-43,670
15-44,1115
15-45,823
15-46,968
15-47,1237
15-48,238
15-49,1443
15-50,1278
15-51,1224
15-52,1441
15-53,1276
15-54,587
15-55,1597
15-56,1631
15-57,1768
15-58,1530
15-59,657
15-60,1569
15-61,1291
15-62,1362
15-63,1019
15-64,183
15-65,1662
15-66,646
15-67,738
15-68,1297
15-69,1163
15-70,1296
15-71,499
15-72,1561
15-73,1717
15-74,801
15-75,1457
15-76,1584
15-77,465
15-78,783
15-79,831
15-80,952
15-81,617
16-1,1249
16-2,1260
16-3,686
16-4,1490
16-5,1639
16-6,479
16-7,633
16-8,1390
16-9,809
16-10,258
16-11,171
16-12,1375
16-13,1550
16-14,242
16-15,521
16-17,392
16-18,531
16-19,1733
16-20,663
16-21,1467
16-22,223
16-23,1426
16-24,1262
16-25,1276
16-26,245
16-27,1118
16-28,1380
16-29,1234
16-30,1807
16-31,1226
16-32,550
16-33,1343
16-34,139
16-35,454
16-36,1487
16-37,1893
16-38,1454
16-39,296
16-40,536
16-41,128
16-42,1618
16-43,261
16-44,1343
16-45,414
16-46,1196
16-47,1465
16-48,759
16-49,1434
16-50,1506
16-51,1452
16-52,1432
16-53,1267
16-54,178
16-55,1588
16-56,1622
16-57,1759
16-58,1521
16-59,248
16-60,1560
16-61,1282
16-62,1353
16-63,1247
16-64,704
16-65,1653
16-66,565
16-67,329
16-68,1525
16-69,1154
16-70,1524
16-71,418
16-72,1552
16-73,1708
16-74,392
16-75,1448
16-76,1575
16-77,56
16-78,374
16-79,1059
16-80,1180
16-81,208
17-1,1529
17-2,1540
17-3,966
17-4,1770
17-5,1919
17-6,759
17-7,913
17-8,1670
17-9,1089
17-10,538
17-11,451
17-12,1655
17-13,1830
17-14,522
17-15,801
17-16,392
17-18,811
17-19,2013
17-20,943
17-21,1747
17-22,503
17-23,1706
17-24,1542
17-25,1556
17-26,525
17-27,1398
17-28,1660
17-29,1514
17-30,2087
17-31,1506
17-32,830
17-33,1623
17-34,419
17-35,734
17-36,1767
17-37,2173
17-38,1734
17-39,576
17-40,816
17-41,408
17-42,1898
17-43,541
17-44,1623
17-45,694
17-46,1476
17-47,1745
17-48,1039
17-49,1714
17-50,1786
17-51,1732
17-52,1712
17-53,1547
17-54,458
17-55,1868
17-56,1902
17-57,2039
17-58,1801
17-59,528
17-60,1840
17-61,1562
17-62,1633
17-63,1527
17-64,984
17-65,1933
17-66,845
17-67,609
17-68,1805
17-69,1434
17-70,1804
17-71,698
17-72,1832
17-73,1988
17-74,672
17-75,1728
17-76,1855
17-77,336
17-78,654
17-79,1339
17-80,1460
17-81,488
18-1,953
18-2,964
18-3,777
18-4,1184
18-5,1333
18-6,174
18-7,724
18-8,1084
18-9,900
18-10,677
18-11,590
18-12,1069
18-13,1244
18-14,661
18-15,612
18-16,531
18-17,811
18-19,1427
18-20,754
18-21,1171
18-22,642
18-23,1120
18-24,956
18-25,970
18-26,664
18-27,822
18-28,1074
18-29,928
18-30,1501
18-31,930
18-32,641
18-33,1047
18-34,558
18-35,873
18-36,1181
18-37,1587
18-38,1158
18-39,715
18-40,231
18-41,547
18-42,1322
18-43,680
18-44,1047
18-45,833
18-46,900
18-47,1169
18-48,850
18-49,1128
18-50,1210
18-51,1156
18-52,1126
18-53,961
18-54,597
18-55,1282
18-56,1316
18-57,1453
18-58,1215
18-59,667
18-60,1254
18-61,976
18-62,1047
18-63,951
18-64,795
18-65,1347
18-66,260
18-67,748
18-68,1229
18-69,848
18-70,1228
18-71,113
18-72,1246
18-73,1402
18-74,811
18-75,1142
18-76,1269
18-77,475
18-78,793
18-79,763
18-80,884
18-81,627
19-1,1463
19-2,1474
19-3,1907
19-4,915
19-5,1064
19-6,1375
19-7,1854
19-8,815
19-9,2030
19-10,1879
19-11,1792
19-12,800
19-13,975
19-14,1863
19-15,1742
19-16,1733
19-17,2013
19-18,1427
19-20,1884
19-21,1681
19-22,1844
19-23,851
19-24,687
19-25,701
19-26,1866
19-27,1332
19-28,805
19-29,659
19-30,1232
19-31,1440
19-32,1771
19-33,1557
19-34,1760
19-35,2075
19-36,912
19-37,1318
19-38,1668
19-39,1917
19-40,1432
19-41,1749
19-42,1832
19-43,1882
19-44,1557
19-45,2035
19-46,1410
19-47,1679
19-48,1980
19-49,859
19-50,1720
19-51,1666
19-52,857
19-53,692
19-54,1799
19-55,1013
19-56,1047
19-57,1184
19-58,946
19-59,1869
19-60,985
19-61,707
19-62,778
19-63,1461
19-64,1925
19-65,1078
19-66,1461
19-67,1950
19-68,1739
19-69,579
19-70,1738
19-71,1314
19-72,977
19-73,1133
19-74,2013
19-75,873
19-76,1000
19-77,1677
19-78,1995
19-79,1273
19-80,1394
19-81,1829
20-1,1163
20-2,1174
20-3,307
20-4,1641
20-5,1790
20-6,702
20-7,254
20-8,1541
20-9,430
20-10,809
20-11,722
20-12,1526
20-13,1701
20-14,793
20-15,142
20-16,663
20-17,943
20-18,754
20-19,1884
20-21,1381
20-22,774
20-23,1577
20-24,1413
20-25,1427
20-26,796
20-27,1032
20-28,1531
20-29,1385
20-30,1958
20-31,1140
20-32,171
20-33,1257
20-34,690
20-35,1005
20-36,1638
20-37,2044
20-38,1368
20-39,847
20-40,759
20-41,679
20-42,1532
20-43,812
20-44,1257
20-45,965
20-46,1110
20-47,1379
20-48,380
20-49,1585
20-50,1420
20-51,1366
20-52,1583
20-53,1418
20-54,729
20-55,1739
20-56,1773
20-57,1910
20-58,1672
20-59,799
20-60,1711
20-61,1433
20-62,1504
20-63,1161
20-64,325
20-65,1804
20-66,788
20-67,880
20-68,1439
20-69,1305
20-70,1438
20-71,641
20-72,1703
20-73,1859
20-74,943
20-75,1599
20-76,1726
20-77,607
20-78,925
20-79,973
20-80,1094
20-81,759
21-1,598
21-2,609
21-3,1404
21-4,1438
21-5,1587
21-6,1119
21-7,1351
21-8,1338
21-9,1527
21-10,1613
21-11,1526
21-12,1323
21-13,1498
21-14,1597
21-15,1239
21-16,1467
21-17,1747
21-18,1171
21-19,1681
21-20,1381
21-22,1578
21-23,1374
21-24,1210
21-25,1224
21-26,1600
21-27,467
21-28,1328
21-29,1182
21-30,1755
21-31,575
21-32,1268
21-33,692
21-34,1494
21-35,1809
21-36,1435
21-37,1841
21-38,803
21-39,1651
21-40,1176
21-41,1483
21-42,967
21-43,1616
21-44,692
21-45,1769
21-46,545
21-47,814
21-48,1477
21-49,1382
21-50,855
21-51,801
21-52,1380
21-53,1215
21-54,1533
21-55,1536
21-56,1570
21-57,1707
21-58,1469
21-59,1603
21-60,1508
21-61,1230
21-62,1301
21-63,596
21-64,1422
21-65,1601
21-66,1205
21-67,1684
21-68,874
21-69,1102
21-70,873
21-71,1058
21-72,1500
21-73,1656
21-74,1747
21-75,1396
21-76,1523
21-77,1411
21-78,1729
21-79,408
21-80,529
21-81,1563
22-1,1360
22-2,1371
22-3,797
22-4,1601
22-5,1750
22-6,590
22-7,744
22-8,1501
22-9,920
22-10,369
22-11,282
22-12,1486
22-13,1661
22-14,353
22-15,632
22-16,223
22-17,503
22-18,642
22-19,1844
22-20,774
22-21,1578
22-23,1537
22-24,1373
22-25,1387
22-26,356
22-27,1229
22-28,1491
22-29,1345
22-30,1918
22-31,1337
22-32,661
22-33,1454
22-34,250
22-35,565
22-36,1598
22-37,2004
22-38,1565
22-39,407
22-40,647
22-41,239
22-42,1729
22-43,372
22-44,1454
22-45,525
22-46,1307
22-47,1576
22-48,870
22-49,1545
22-50,1617
22-51,1563
22-52,1543
22-53,1378
22-54,289
22-55,1699
22-56,1733
22-57,1870
22-58,1632
22-59,359
22-60,1671
22-61,1393
22-62,1464
22-63,1358
22-64,815
22-65,1764
22-66,676
22-67,440
22-68,1636
22-69,1265
22-70,1635
22-71,529
22-72,1663
22-73,1819
22-74,503
22-75,1559
22-76,1686
22-77,167
22-78,485
22-79,1170
22-80,1291
22-81,319
23-1,1156
23-2,1167
23-3,1600
23-4,608
23-5,757
23-6,1068
23-7,1547
23-8,508
23-9,1723
23-10,1572
23-11,1485
23-12,493
23-13,668
23-14,1556
23-15,1435
23-16,1426
23-17,1706
23-18,1120
23-19,851
23-20,1577
23-21,1374
23-22,1537
23-24,380
23-25,394
23-26,1559
23-27,1025
23-28,498
23-29,352
23-30,925
23-31,1133
23-32,1464
23-33,1250
23-34,1453
23-35,1768
23-36,605
23-37,1011
23-38,1361
23-39,1610
23-40,1125
23-41,1442
23-42,1525
23-43,1575
23-44,1250
23-45,1728
23-46,1103
23-47,1372
23-48,1673
23-49,552
23-50,1413
23-51,1359
23-52,550
23-53,385
23-54,1492
23-55,706
23-56,740
23-57,877
23-58,639
23-59,1562
23-60,678
23-61,400
23-62,471
23-63,1154
23-64,1618
23-65,771
23-66,1154
23-67,1643
23-68,1432
23-69,272
23-70,1431
23-71,1007
23-72,670
23-73,826
23-74,1706
23-75,566
23-76,693
23-77,1370
23-78,1688
23-79,966
23-80,1087
23-81,1522
24-1,992
24-2,1003
24-3,1436
24-4,444
24-5,593
24-6,904
24-7,1383
24-8,344
24-9,1559
24-10,1408
24-11,1321
24-12,329
24-13,504
24-14,1392
24-15,1271
24-16,1262
24-17,1542
24-18,956
24-19,687
24-20,1413
24-21,1210
24-22,1373
24-23,380
24-25,230
24-26,1395
24-27,861
24-28,334
24-29,188
24-30,761
24-31,969
24-32,1300
24-33,1086
24-34,1289
24-35,1604
24-36,441
24-37,847
24-38,1197
24-39,1446
24-40,961
24-41,1278
24-42,1361
24-43,1411
24-44,1086
24-45,1564
24-46,939
24-47,1208
24-48,1509
24-49,388
24-50,1249
24-51,1195
24-52,386
24-53,221
24-54,1328
24-55,542
24-56,576
24-57,713
24-58,475
24-59,1398
24-60,514
24-61,236
24-62,307
24-63,990
24-64,1454
24-65,607
24-66,990
24-67,1479
24-68,1268
24-69,108
24-70,1267
24-71,843
24-72,506
24-73,662
24-74,1542
24-75,402
24-76,529
24-77,1206
24-78,1524
24-79,802
24-80,923
24-81,1358
25-1,1006
25-2,1017
25-3,1450
25-4,458
25-5,607
25-6,918
25-7,1397
25-8,358
25-9,1573
25-10,1422
25-11,1335
25-12,343
25-13,518
25-14,1406
25-15,1285
25-16,1276
25-17,1556
25-18,970
25-19,701
25-20,1427
25-21,1224
25-22,1387
25-23,394
25-24,230
25-26,1409
25-27,875
25-28,348
25-29,202
25-30,775
25-31,983
25-32,1314
25-33,1100
25-34,1303
25-35,1618
25-36,455
25-37,861
25-38,1211
25-39,1460
25-40,975
25-41,1292
25-42,1375
25-43,1425
25-44,1100
25-45,1578
25-46,953
25-47,1222
25-48,1523
25-49,402
25-50,1263
25-51,1209
25-52,400
25-53,235
25-54,1342
25-55,556
25-56,590
25-57,727
25-58,489
25-59,1412
25-60,528
25-61,250
25-62,321
25-63,1004
25-64,1468
25-65,621
25-66,1004
25-67,1493
25-68,1282
25-69,122
25-70,1281
25-71,857
25-72,520
25-73,676
25-74,1556
25-75,416
25-76,543
25-77,1220
25-78,1538
25-79,816
25-80,937
25-81,1372
26-1,1382
26-2,1393
26-3,819
26-4,1623
26-5,1772
26-6,612
26-7,766
26-8,1523
26-9,942
26-10,391
26-11,304
26-12,1508
26-13,1683
26-14,375
26-15,654
26-16,245
26-17,525
26-18,664
26-19,1866
26-20,796
26-21,1600
26-22,356
26-23,1559
26-24,1395
26-25,1409
26-27,1251
26-28,1513
26-29,1367
26-30,1940
26-31,1359
26-32,683
26-33,1476
26-34,272
26-35,587
26-36,1620
26-37,2026
26-38,1587
26-39,429
26-40,669
26-41,261
26-42,1751
26-43,394
26-44,1476
26-45,547
26-46,1329
26-47,1598
26-48,892
26-49,1567
26-50,1639
26-51,1585
26-52,1565
26-53,1400
26-54,311
26-55,1721
26-56,1755
26-57,1892
26-58,1654
26-59,381
26-60,1693
26-61,1415
26-62,1486
26-63,1380
26-64,837
26-65,1786
26-66,698
26-67,462
26-68,1658
26-69,1287
26-70,1657
26-71,551
26-72,1685
26-73,1841
26-74,525
26-75,1581
26-76,1708
26-77,189
26-78,507
26-79,1192
26-80,1313
26-81,341
27-1,249
27-2,260
27-3,1055
27-4,1089
27-5,1238
27-6,770
27-7,1002
27-8,989
27-9,1178
27-10,1264
27-11,1177
27-12,974
27-13,1149
27-14,1248
27-15,890
27-16,1118
27-17,1398
27-18,822
27-19,1332
27-20,1032
27-21,467
27-22,1229
27-23,1025
27-24,861
27-25,875
27-26,1251
27-28,979
27-29,833
27-30,1406
27-31,226
27-32,919
27-33,343
27-34,1145
27-35,1460
27-36,1086
27-37,1492
27-38,454
27-39,1302
27-40,827
27-41,1134
27-42,618
27-43,1267
27-44,343
27-45,1420
27-46,196
27-47,465
27-48,1128
27-49,1033
27-50,506
27-51,452
27-52,1031
27-53,866
27-54,1184
27-55,1187
27-56,1221
27-57,1358
27-58,1120
27-59,1254
27-60,1159
27-61,881
27-62,952
27-63,247
27-64,1073
27-65,1252
27-66,856
27-67,1335
27-68,525
27-69,753
27-70,524
27-71,709
27-72,1151
27-73,1307
27-74,1398
27-75,1047
27-76,1174
27-77,1062
27-78,1380
27-79,59
27-80,180
27-81,1214
28-1,1110
28-2,1121
28-3,1554
28-4,562
28-5,711
28-6,1022
28-7,1501
28-8,462
28-9,1677
28-10,1526
28-11,1439
28-12,447
28-13,622
28-14,1510
28-15,1389
28-16,1380
28-17,1660
28-18,1074
28-19,805
28-20,1531
28-21,1328
28-22,1491
28-23,498
28-24,334
28-25,348
28-26,1513
28-27,979
28-29,306
28-30,879
28-31,1087
28-32,1418
28-33,1204
28-34,1407
28-35,1722
28-36,559
28-37,965
28-38,1315
28-39,1564
28-40,1079
28-41,1396
28-42,1479
28-43,1529
28-44,1204
28-45,1682
28-46,1057
28-47,1326
28-48,1627
28-49,506
28-50,1367
28-51,1313
28-52,504
28-53,339
28-54,1446
28-55,660
28-56,694
28-57,831
28-58,593
28-59,1516
28-60,632
28-61,354
28-62,425
28-63,1108
28-64,1572
28-65,725
28-66,1108
28-67,1597
28-68,1386
28-69,226
28-70,1385
28-71,961
28-72,624
28-73,780
28-74,1660
28-75,520
28-76,647
28-77,1324
28-78,1642
28-79,920
28-80,1041
28-81,1476
29-1,964
29-2,975
29-3,1408
29-4,416
29-5,565
29-6,876
29-7,1355
29-8,316
29-9,1531
29-10,1380
29-11,1293
29-12,301
29-13,476
29-14,1364
29-15,1243
29-16,1234
29-17,1514
29-18,928
29-19,659
29-20,1385
29-21,1182
29-22,1345
29-23,352
29-24,188
29-25,202
29-26,1367
29-27,833
29-28,306
29-30,733
29-31,941
29-32,1272
29-33,1058
29-34,1261
29-35,1576
29-36,413
29-37,819
29-38,1169
29-39,1418
29-40,933
29-41,1250
29-42,1333
29-43,1383
29-44,1058
29-45,1536
29-46,911
29-47,1180
29-48,1481
29-49,360
29-50,1221
29-51,1167
29-52,358
29-53,193
29-54,1300
29-55,514
29-56,548
29-57,685
29-58,447
29-59,1370
29-60,486
29-61,208
29-62,279
29-63,962
29-64,1426
29-65,579
29-66,962
29-67,1451
29-68,1240
29-69,80
29-70,1239
29-71,815
29-72,478
29-73,634
29-74,1514
29-75,374
29-76,501
29-77,1178
29-78,1496
29-79,774
29-80,895
29-81,1330
30-1,1537
30-2,1548
30-3,1981
30-4,989
30-5,1138
30-6,1449
30-7,1928
30-8,889
30-9,2104
30-10,1953
30-11,1866
30-12,874
30-13,1049
30-14,1937
30-15,1816
30-16,1807
30-17,2087
30-18,1501
30-19,1232
30-20,1958
30-21,1755
30-22,1918
30-23,925
30-24,761
30-25,775
30-26,1940
30-27,1406
30-28,879
30-29,733
30-31,1514
30-32,1845
30-33,1631
30-34,1834
30-35,2149
30-36,986
30-37,1392
30-38,1742
30-39,1991
30-40,1506
30-41,1823
30-42,1906
30-43,1956
30-44,1631
30-45,2109
30-46,1484
30-47,1753
30-48,2054
30-49,933
30-50,1794
30-51,1740
30-52,931
30-53,766
30-54,1873
30-55,1087
30-56,1121
30-57,1258
30-58,1020
30-59,1943
30-60,1059
30-61,781
30-62,852
30-63,1535
30-64,1999
30-65,1152
30-66,1535
30-67,2024
30-68,1813
30-69,653
30-70,1812
30-71,1388
30-72,1051
30-73,1207
30-74,2087
30-75,947
30-76,1074
30-77,1751
30-78,2069
30-79,1347
30-80,1468
30-81,1903
31-1,357
31-2,368
31-3,1163
31-4,1197
31-5,1346
31-6,878
31-7,1110
31-8,1097
31-9,1286
31-10,1372
31-11,1285
31-12,1082
31-13,1257
31-14,1356
31-15,998
31-16,1226
31-17,1506
31-18,930
31-19,1440
31-20,1140
31-21,575
31-22,1337
31-23,1133
31-24,969
31-25,983
31-26,1359
31-27,226
31-28,1087
31-29,941
31-30,1514
31-32,1027
31-33,451
31-34,1253
31-35,1568
31-36,1194
31-37,1600
31-38,562
31-39,1410
31-40,935
31-41,1242
31-42,726
31-43,1375
31-44,451
31-45,1528
31-46,304
31-47,573
31-48,1236
31-49,1141
31-50,614
31-51,560
31-52,1139
31-53,974
31-54,1292
31-55,1295
31-56,1329
31-57,1466
31-58,1228
31-59,1362
31-60,1267
31-61,989
31-62,1060
31-63,355
31-64,1181
31-65,1360
31-66,964
31-67,1443
31-68,633
31-69,861
31-70,632
31-71,817
31-72,1259
31-73,1415
31-74,1506
31-75,1155
31-76,1282
31-77,1170
31-78,1488
31-79,167
31-80,288
31-81,1322
32-1,1050
32-2,1061
32-3,194
32-4,1528
32-5,1677
32-6,589
32-7,141
32-8,1428
32-9,317
32-10,696
32-11,609
32-12,1413
32-13,1588
32-14,680
32-15,29
32-16,550
32-17,830
32-18,641
32-19,1771
32-20,171
32-21,1268
32-22,661
32-23,1464
32-24,1300
32-25,1314
32-26,683
32-27,919
32-28,1418
32-29,1272
32-30,1845
32-31,1027
32-33,1144
32-34,577
32-35,892
32-36,1525
32-37,1931
32-38,1255
32-39,734
32-40,646
32-41,566
32-42,1419
32-43,699
32-44,1144
32-45,852
32-46,997
32-47,1266
32-48,267
32-49,1472
32-50,1307
32-51,1253
32-52,1470
32-53,1305
32-54,616
32-55,1626
32-56,1660
32-57,1797
32-58,1559
32-59,686
32-60,1598
32-61,1320
32-62,1391
32-63,1048
32-64,212
32-65,1691
32-66,675
32-67,767
32-68,1326
32-69,1192
32-70,1325
32-71,528
32-72,1590
32-73,1746
32-74,830
32-75,1486
32-76,1613
32-77,494
32-78,812
32-79,860
32-80,981
32-81,646
33-1,474
33-2,485
33-3,1280
33-4,1314
33-5,1463
33-6,995
33-7,1227
33-8,1214
33-9,1403
33-10,1489
33-11,1402
33-12,1199
33-13,1374
33-14,1473
33-15,1115
33-16,1343
33-17,1623
33-18,1047
33-19,1557
33-20,1257
33-21,692
33-22,1454
33-23,1250
33-24,1086
33-25,1100
33-26,1476
33-27,343
33-28,1204
33-29,1058
33-30,1631
33-31,451
33-32,1144
33-34,1370
33-35,1685
33-36,1311
33-37,1717
33-38,679
33-39,1527
33-40,1052
33-41,1359
33-42,843
33-43,1492
33-44,568
33-45,1645
33-46,421
33-47,690
33-48,1353
33-49,1258
33-50,731
33-51,677
33-52,1256
33-53,1091
33-54,1409
33-55,1412
33-56,1446
33-57,1583
33-58,1345
33-59,1479
33-60,1384
33-61,1106
33-62,1177
33-63,472
33-64,1298
33-65,1477
33-66,1081
33-67,1560
33-68,750
33-69,978
33-70,749
33-71,934
33-72,1376
33-73,1532
33-74,1623
33-75,1272
33-76,1399
33-77,1287
33-78,1605
33-79,284
33-80,405
33-81,1439
34-1,1276
34-2,1287
34-3,713
34-4,1517
34-5,1666
34-6,506
34-7,660
34-8,1417
34-9,836
34-10,285
34-11,198
34-12,1402
34-13,1577
34-14,269
34-15,548
34-16,139
34-17,419
34-18,558
34-19,1760
34-20,690
34-21,1494
34-22,250
34-23,1453
34-24,1289
34-25,1303
34-26,272
34-27,1145
34-28,1407
34-29,1261
34-30,1834
34-31,1253
34-32,577
34-33,1370
34-35,481
34-36,1514
34-37,1920
34-38,1481
34-39,323
34-40,563
34-41,155
34-42,1645
34-43,288
34-44,1370
34-45,441
34-46,1223
34-47,1492
34-48,786
34-49,1461
34-50,1533
34-51,1479
34-52,1459
34-53,1294
34-54,205
34-55,1615
34-56,1649
34-57,1786
34-58,1548
34-59,275
34-60,1587
34-61,1309
34-62,1380
34-63,1274
34-64,731
34-65,1680
34-66,592
34-67,356
34-68,1552
34-69,1181
34-70,1551
34-71,445
34-72,1579
34-73,1735
34-74,419
34-75,1475
34-76,1602
34-77,83
34-78,401
34-79,1086
34-80,1207
34-81,235
35-1,1591
35-2,1602
35-3,1028
35-4,1832
35-5,1981
35-6,821
35-7,975
35-8,1732
35-9,1151
35-10,600
35-11,513
35-12,1717
35-13,1892
35-14,584
35-15,863
35-16,454
35-17,734
35-18,873
35-19,2075
35-20,1005
35-21,1809
35-22,565
35-23,1768
35-24,1604
35-25,1618
35-26,587
35-27,1460
35-28,1722
35-29,1576
35-30,2149
35-31,1568
35-32,892
35-33,1685
35-34,481
35-36,1829
35-37,2235
35-38,1796
35-39,638
35-40,878
35-41,470
35-42,1960
35-43,603
35-44,1685
35-45,756
35-46,1538
35-47,1807
35-48,1101
35-49,1776
35-50,1848
35-51,1794
35-52,1774
35-53,1609
35-54,520
35-55,1930
35-56,1964
35-57,2101
35-58,1863
35-59,590
35-60,1902
35-61,1624
35-62,1695
35-63,1589
35-64,1046
35-65,1995
35-66,907
35-67,671
35-68,1867
35-69,1496
35-70,1866
35-71,760
35-72,1894
35-73,2050
35-74,734
35-75,1790
35-76,1917
35-77,398
35-78,716
35-79,1401
35-80,1522
35-81,550
36-1,1217
36-2,1228
36-3,1661
36-4,669
36-5,818
36-6,1129
36-7,1608
36-8,569
36-9,1784
36-10,1633
36-11,1546
36-12,554
36-13,729
36-14,1617
36-15,1496
36-16,1487
36-17,1767
36-18,1181
36-19,912
36-20,1638
36-21,1435
36-22,1598
36-23,605
36-24,441
36-25,455
36-26,1620
36-27,1086
36-28,559
36-29,413
36-30,986
36-31,1194
36-32,1525
36-33,1311
36-34,1514
36-35,1829
36-37,1072
36-38,1422
36-39,1671
36-40,1186
36-41,1503
36-42,1586
36-43,1636
36-44,1311
36-45,1789
36-46,1164
36-47,1433
36-48,1734
36-49,613
36-50,1474
36-51,1420
36-52,611
36-53,446
36-54,1553
36-55,767
36-56,801
36-57,938
36-58,700
36-59,1623
36-60,739
36-61,461
36-62,532
36-63,1215
36-64,1679
36-65,832
36-66,1215
36-67,1704
36-68,1493
36-69,333
36-70,1492
36-71,1068
36-72,731
36-73,887
36-74,1767
36-75,627
36-76,754
36-77,1431
36-78,1749
36-79,1027
36-80,1148
36-81,1583
37-1,1623
37-2,1634
37-3,2067
37-4,1075
37-5,1224
37-6,1535
37-7,2014
37-8,975
37-9,2190
37-10,2039
37-11,1952
37-12,960
37-13,1135
37-14,2023
37-15,1902
37-16,1893
37-17,2173
37-18,1587
37-19,1318
37-20,2044
37-21,1841
37-22,2004
37-23,1011
37-24,847
37-25,861
37-26,2026
37-27,1492
37-28,965
37-29,819
37-30,1392
37-31,1600
37-32,1931
37-33,1717
37-34,1920
37-35,2235
37-36,1072
37-38,1828
37-39,2077
37-40,1592
37-41,1909
37-42,1992
37-43,2042
37-44,1717
37-45,2195
37-46,1570
37-47,1839
37-48,2140
37-49,1019
37-50,1880
37-51,1826
37-52,1017
37-53,852
37-54,1959
37-55,1173
37-56,1207
37-57,1344
37-58,1106
37-59,2029
37-60,1145
37-61,867
37-62,938
37-63,1621
37-64,2085
37-65,1238
37-66,1621
37-67,2110
37-68,1899
37-69,739
37-70,1898
37-71,1474
37-72,1137
37-73,1293
37-74,2173
37-75,1033
37-76,1160
37-77,1837
37-78,2155
37-79,1433
37-80,1554
37-81,1989
38-1,585
38-2,596
38-3,1391
38-4,1425
38-5,1574
38-6,1106
38-7,1338
38-8,1325
38-9,1514
38-10,1600
38-11,1513
38-12,1310
38-13,1485
38-14,1584
38-15,1226
38-16,1454
38-17,1734
38-18,1158
38-19,1668
38-20,1368
38-21,803
38-22,1565
38-23,1361
38-24,1197
38-25,1211
38-26,1587
38-27,454
38-28,1315
38-29,1169
38-30,1742
38-31,562
38-32,1255
38-33,679
38-34,1481
38-35,1796
38-36,1422
38-37,1828
38-39,1638
38-40,1163
38-41,1470
38-42,954
38-43,1603
38-44,679
38-45,1756
38-46,532
38-47,801
38-48,1464
38-49,1369
38-50,842
38-51,788
38-52,1367
38-53,1202
38-54,1520
38-55,1523
38-56,1557
38-57,1694
38-58,1456
38-59,1590
38-60,1495
38-61,1217
38-62,1288
38-63,583
38-64,1409
38-65,1588
38-66,1192
38-67,1671
38-68,861
38-69,1089
38-70,860
38-71,1045
38-72,1487
38-73,1643
38-74,1734
38-75,1383
38-76,1510
38-77,1398
38-78,1716
38-79,395
38-80,516
38-81,1550
39-1,1433
39-2,1444
39-3,870
39-4,1674
39-5,1823
39-6,663
39-7,817
39-8,1574
39-9,993
39-10,442
39-11,355
39-12,1559
39-13,1734
39-14,426
39-15,705
39-16,296
39-17,576
39-18,715
39-19,1917
39-20,847
39-21,1651
39-22,407
39-23,1610
39-24,1446
39-25,1460
39-26,429
39-27,1302
39-28,1564
39-29,1418
39-30,1991
39-31,1410
39-32,734
39-33,1527
39-34,323
39-35,638
39-36,1671
39-37,2077
39-38,1638
39-40,720
39-41,312
39-42,1802
39-43,445
39-44,1527
39-45,598
39-46,1380
39-47,1649
39-48,943
39-49,1618
39-50,1690
39-51,1636
39-52,1616
39-53,1451
39-54,362
39-55,1772
39-56,1806
39-57,1943
39-58,1705
39-59,432
39-60,1744
39-61,1466
39-62,1537
39-63,1431
39-64,888
39-65,1837
39-66,749
39-67,513
39-68,1709
39-69,1338
39-70,1708
39-71,602
39-72,1736
39-73,1892
39-74,576
39-75,1632
39-76,1759
39-77,240
39-78,558
39-79,1243
39-80,1364
39-81,392
40-1,958
40-2,969
40-3,782
40-4,1189
40-5,1338
40-6,179
40-7,729
40-8,1089
40-9,905
40-10,682
40-11,595
40-12,1074
40-13,1249
40-14,666
40-15,617
40-16,536
40-17,816
40-18,231
40-19,1432
40-20,759
40-21,1176
40-22,647
40-23,1125
40-24,961
40-25,975
40-26,669
40-27,827
40-28,1079
40-29,933
40-30,1506
40-31,935
40-32,646
40-33,1052
40-34,563
40-35,878
40-36,1186
40-37,1592
40-38,1163
40-39,720
40-41,552
40-42,1327
40-43,685
40-44,1052
40-45,838
40-46,905
40-47,1174
40-48,855
40-49,1133
40-50,1215
40-51,1161
40-52,1131
40-53,966
40-54,602
40-55,1287
40-56,1321
40-57,1458
40-58,1220
40-59,672
40-60,1259
40-61,981
40-62,1052
40-63,956
40-64,800
40-65,1352
40-66,265
40-67,753
40-68,1234
40-69,853
40-70,1233
40-71,118
40-72,1251
40-73,1407
40-74,816
40-75,1147
40-76,1274
40-77,480
40-78,798
40-79,768
40-80,889
40-81,632
41-1,1265
41-2,1276
41-3,702
41-4,1506
41-5,1655
41-6,495
41-7,649
41-8,1406
41-9,825
41-10,274
41-11,187
41-12,1391
41-13,1566
41-14,258
41-15,537
41-16,128
41-17,408
41-18,547
41-19,1749
41-20,679
41-21,1483
41-22,239
41-23,1442
41-24,1278
41-25,1292
41-26,261
41-27,1134
41-28,1396
41-29,1250
41-30,1823
41-31,1242
41-32,566
41-33,1359
41-34,155
41-35,470
41-36,1503
41-37,1909
41-38,1470
41-39,312
41-40,552
41-42,1634
41-43,277
41-44,1359
41-45,430
41-46,1212
41-47,1481
41-48,775
41-49,1450
41-50,1522
41-51,1468
41-52,1448
41-53,1283
41-54,194
41-55,1604
41-56,1638
41-57,1775
41-58,1537
41-59,264
41-60,1576
41-61,1298
41-62,1369
41-63,1263
41-64,720
41-65,1669
41-66,581
41-67,345
41-68,1541
41-69,1170
41-70,1540
41-71,434
41-72,1568
41-73,1724
41-74,408
41-75,1464
41-76,1591
41-77,72
41-78,390
41-79,1075
41-80,1196
41-81,224
42-1,749
42-2,760
42-3,1555
42-4,1589
42-5,1738
42-6,1270
42-7,1502
42-8,1489
42-9,1678
42-10,1764
42-11,1677
42-12,1474
42-13,1649
42-14,1748
42-15,1390
42-16,1618
42-17,1898
42-18,1322
42-19,1832
42-20,1532
42-21,967
42-22,1729
42-23,1525
42-24,1361
42-25,1375
42-26,1751
42-27,618
42-28,1479
42-29,1333
42-30,1906
42-31,726
42-32,1419
42-33,843
42-34,1645
42-35,1960
42-36,1586
42-37,1992
42-38,954
42-39,1802
42-40,1327
42-41,1634
42-43,1767
42-44,843
42-45,1920
42-46,696
42-47,965
42-48,1628
42-49,1533
42-50,1006
42-51,952
42-52,1531
42-53,1366
42-54,1684
42-55,1687
42-56,1721
42-57,1858
42-58,1620
42-59,1754
42-60,1659
42-61,1381
42-62,1452
42-63,747
42-64,1573
42-65,1752
42-66,1356
42-67,1835
42-68,1025
42-69,1253
42-70,1024
42-71,1209
42-72,1651
42-73,1807
42-74,1898
42-75,1547
42-76,1674
42-77,1562
42-78,1880
42-79,559
42-80,680
42-81,1714
43-1,1398
43-2,1409
43-3,835
43-4,1639
43-5,1788
43-6,628
43-7,782
43-8,1539
43-9,958
43-10,407
43-11,320
43-12,1524
43-13,1699
43-14,391
43-15,670
43-16,261
43-17,541
43-18,680
43-19,1882
43-20,812
43-21,1616
43-22,372
43-23,1575
43-24,1411
43-25,1425
43-26,394
43-27,1267
43-28,1529
43-29,1383
43-30,1956
43-31,1375
43-32,699
43-33,1492
43-34,288
43-35,603
43-36,1636
43-37,2042
43-38,1603
43-39,445
43-40,685
43-41,277
43-42,1767
43-44,1492
43-45,563
43-46,1345
43-47,1614
43-48,908
43-49,1583
43-50,1655
43-51,1601
43-52,1581
43-53,1416
43-54,327
43-55,1737
43-56,1771
43-57,1908
43-58,1670
43-59,397
43-60,1709
43-61,1431
43-62,1502
43-63,1396
43-64,853
43-65,1802
43-66,714
43-67,478
43-68,1674
43-69,1303
43-70,1673
43-71,567
43-72,1701
43-73,1857
43-74,541
43-75,1597
43-76,1724
43-77,205
43-78,523
43-79,1208
43-80,1329
43-81,357
44-1,474
44-2,485
44-3,1280
44-4,1314
44-5,1463
44-6,995
44-7,1227
44-8,1214
44-9,1403
44-10,1489
44-11,1402
44-12,1199
44-13,1374
44-14,1473
44-15,1115
44-16,1343
44-17,1623
44-18,1047
44-19,1557
44-20,1257
44-21,692
44-22,1454
44-23,1250
44-24,1086
44-25,1100
44-26,1476
44-27,343
44-28,1204
44-29,1058
44-30,1631
44-31,451
44-32,1144
44-33,568
44-34,1370
44-35,1685
44-36,1311
44-37,1717
44-38,679
44-39,1527
44-40,1052
44-41,1359
44-42,843
44-43,1492
44-45,1645
44-46,421
44-47,690
44-48,1353
44-49,1258
44-50,731
44-51,677
44-52,1256
44-53,1091
44-54,1409
44-55,1412
44-56,1446
44-57,1583
44-58,1345
44-59,1479
44-60,1384
44-61,1106
44-62,1177
44-63,472
44-64,1298
44-65,1477
44-66,1081
44-67,1560
44-68,750
44-69,978
44-70,749
44-71,934
44-72,1376
44-73,1532
44-74,1623
44-75,1272
44-76,1399
44-77,1287
44-78,1605
44-79,284
44-80,405
44-81,1439
45-1,1551
45-2,1562
45-3,988
45-4,1792
45-5,1941
45-6,781
45-7,935
45-8,1692
45-9,1111
45-10,560
45-11,473
45-12,1677
45-13,1852
45-14,544
45-15,823
45-16,414
45-17,694
45-18,833
45-19,2035
45-20,965
45-21,1769
45-22,525
45-23,1728
45-24,1564
45-25,1578
45-26,547
45-27,1420
45-28,1682
45-29,1536
45-30,2109
45-31,1528
45-32,852
45-33,1645
45-34,441
45-35,756
45-36,1789
45-37,2195
45-38,1756
45-39,598
45-40,838
45-41,430
45-42,1920
45-43,563
45-44,1645
45-46,1498
45-47,1767
45-48,1061
45-49,1736
45-50,1808
45-51,1754
45-52,1734
45-53,1569
45-54,480
45-55,1890
45-56,1924
45-57,2061
45-58,1823
45-59,550
45-60,1862
45-61,1584
45-62,1655
45-63,1549
45-64,1006
45-65,1955
45-66,867
45-67,631
45-68,1827
45-69,1456
45-70,1826
45-71,720
45-72,1854
45-73,2010
45-74,694
45-75,1750
45-76,1877
45-77,358
45-78,676
45-79,1361
45-80,1482
45-81,510
46-1,327
46-2,338
46-3,1133
46-4,1167
46-5,1316
46-6,848
46-7,1080
46-8,1067
46-9,1256
46-10,1342
46-11,1255
46-12,1052
46-13,1227
46-14,1326
46-15,968
46-16,1196
46-17,1476
46-18,900
46-19,1410
46-20,1110
46-21,545
46-22,1307
46-23,1103
46-24,939
46-25,953
46-26,1329
46-27,196
46-28,1057
46-29,911
46-30,1484
46-31,304
46-32,997
46-33,421
46-34,1223
46-35,1538
46-36,1164
46-37,1570
46-38,532
46-39,1380
46-40,905
46-41,1212
46-42,696
46-43,1345
46-44,421
46-45,1498
46-47,543
46-48,1206
46-49,1111
46-50,584
46-51,530
46-52,1109
46-53,944
46-54,1262
46-55,1265
46-56,1299
46-57,1436
46-58,1198
46-59,1332
46-60,1237
46-61,959
46-62,1030
46-63,325
46-64,1151
46-65,1330
46-66,934
46-67,1413
46-68,603
46-69,831
46-70,602
46-71,787
46-72,1229
46-73,1385
46-74,1476
46-75,1125
46-76,1252
46-77,1140
46-78,1458
46-79,137
46-80,258
46-81,1292
47-1,596
47-2,607
47-3,1402
47-4,1436
47-5,1585
47-6,1117
47-7,1349
47-8,1336
47-9,1525
47-10,1611
47-11,1524
47-12,1321
47-13,1496
47-14,1595
47-15,1237
47-16,1465
47-17,1745
47-18,1169
47-19,1679
47-20,1379
47-21,814
47-22,1576
47-23,1372
47-24,1208
47-25,1222
47-26,1598
47-27,465
47-28,1326
47-29,1180
47-30,1753
47-31,573
47-32,1266
47-33,690
47-34,1492
47-35,1807
47-36,1433
47-37,1839
47-38,801
47-39,1649
47-40,1174
47-41,1481
47-42,965
47-43,1614
47-44,690
47-45,1767
47-46,543
47-48,1475
47-49,1380
47-50,853
47-51,799
47-52,1378
47-53,1213
47-54,1531
47-55,1534
47-56,1568
47-57,1705
47-58,1467
47-59,1601
47-60,1506
47-61,1228
47-62,1299
47-63,594
47-64,1420
47-65,1599
47-66,1203
47-67,1682
47-68,872
47-69,1100
47-70,871
47-71,1056
47-72,1498
47-73,1654
47-74,1745
47-75,1394
47-76,1521
47-77,1409
47-78,1727
47-79,406
47-80,527
47-81,1561
48-1,1259
48-2,1270
48-3,403
48-4,1737
48-5,1886
48-6,798
48-7,350
48-8,1637
48-9,526
48-10,905
48-11,818
48-12,1622
48-13,1797
48-14,889
48-15,238
48-16,759
48-17,1039
48-18,850
48-19,1980
48-20,380
48-21,1477
48-22,870
48-23,1673
48-24,1509
48-25,1523
48-26,892
48-27,1128
48-28,1627
48-29,1481
48-30,2054
48-31,1236
48-32,267
48-33,1353
48-34,786
48-35,1101
48-36,1734
48-37,2140
48-38,1464
48-39,943
48-40,855
48-41,775
48-42,1628
48-43,908
48-44,1353
48-45,1061
48-46,1206
48-47,1475
48-49,1681
48-50,1516
48-51,1462
48-52,1679
48-53,1514
48-54,825
48-55,1835
48-56,1869
48-57,2006
48-58,1768
48-59,895
48-60,1807
48-61,1529
48-62,1600
48-63,1257
48-64,421
48-65,1900
48-66,884
48-67,976
48-68,1535
48-69,1401
48-70,1534
48-71,737
48-72,1799
48-73,1955
48-74,1039
48-75,1695
48-76,1822
48-77,703
48-78,1021
48-79,1069
48-80,1190
48-81,855
49-1,1164
49-2,1175
49-3,1608
49-4,616
49-5,765
49-6,1076
49-7,1555
49-8,516
49-9,1731
49-10,1580
49-11,1493
49-12,501
49-13,676
49-14,1564
49-15,1443
49-16,1434
49-17,1714
49-18,1128
49-19,859
49-20,1585
49-21,1382
49-22,1545
49-23,552
49-24,388
49-25,402
49-26,1567
49-27,1033
49-28,506
49-29,360
49-30,933
49-31,1141
49-32,1472
49-33,1258
49-34,1461
49-35,1776
49-36,613
49-37,1019
49-38,1369
49-39,1618
49-40,1133
49-41,1450
49-42,1533
49-43,1583
49-44,1258
49-45,1736
49-46,1111
49-47,1380
49-48,1681
49-50,1421
49-51,1367
49-52,558
49-53,393
49-54,1500
49-55,714
49-56,748
49-57,885
49-58,647
49-59,1570
49-60,686
49-61,408
49-62,479
49-63,1162
49-64,1626
49-65,779
49-66,1162
49-67,1651
49-68,1440
49-69,280
49-70,1439
49-71,1015
49-72,678
49-73,834
49-74,1714
49-75,574
49-76,701
49-77,1378
49-78,1696
49-79,974
49-80,1095
49-81,1530
50-1,637
50-2,648
50-3,1443
50-4,1477
50-5,1626
50-6,1158
50-7,1390
50-8,1377
50-9,1566
50-10,1652
50-11,1565
50-12,1362
50-13,1537
50-14,1636
50-15,1278
50-16,1506
50-17,1786
50-18,1210
50-19,1720
50-20,1420
50-21,855
50-22,1617
50-23,1413
50-24,1249
50-25,1263
50-26,1639
50-27,506
50-28,1367
50-29,1221
50-30,1794
50-31,614
50-32,1307
50-33,731
50-34,1533
50-35,1848
50-36,1474
50-37,1880
50-38,842
50-39,1690
50-40,1215
50-41,1522
50-42,1006
50-43,1655
50-44,731
50-45,1808
50-46,584
50-47,853
50-48,1516
50-49,1421
50-51,840
50-52,1419
50-53,1254
50-54,1572
50-55,1575
50-56,1609
50-57,1746
50-58,1508
50-59,1642
50-60,1547
50-61,1269
50-62,1340
50-63,635
50-64,1461
50-65,1640
50-66,1244
50-67,1723
50-68,913
50-69,1141
50-70,912
50-71,1097
50-72,1539
50-73,1695
50-74,1786
50-75,1435
50-76,1562
50-77,1450
50-78,1768
50-79,447
50-80,568
50-81,1602
51-1,583
51-2,594
51-3,1389
51-4,1423
51-5,1572
51-6,1104
51-7,1336
51-8,1323
51-9,1512
51-10,1598
51-11,1511
51-12,1308
51-13,1483
51-14,1582
51-15,1224
51-16,1452
51-17,1732
51-18,1156
51-19,1666
51-20,1366
51-21,801
51-22,1563
51-23,1359
51-24,1195
51-25,1209
51-26,1585
51-27,452
51-28,1313
51-29,1167
51-30,1740
51-31,560
51-32,1253
51-33,677
51-34,1479
51-35,1794
51-36,1420
51-37,1826
51-38,788
51-39,1636
51-40,1161
51-41,1468
51-42,952
51-43,1601
51-44,677
51-45,1754
51-46,530
51-47,799
51-48,1462
51-49,1367
51-50,840
51-52,1365
51-53,1200
51-54,1518
51-55,1521
51-56,1555
51-57,1692
51-58,1454
51-59,1588
51-60,1493
51-61,1215
51-62,1286
51-63,581
51-64,1407
51-65,1586
51-66,1190
51-67,1669
51-68,859
51-69,1087
51-70,858
51-71,1043
51-72,1485
51-73,1641
51-74,1732
51-75,1381
51-76,1508
51-77,1396
51-78,1714
51-79,393
51-80,514
51-81,1548
52-1,1162
52-2,1173
52-3,1606
52-4,614
52-5,763
52-6,1074
52-7,1553
52-8,514
52-9,1729
52-10,1578
52-11,1491
52-12,499
52-13,674
52-14,1562
52-15,1441
52-16,1432
52-17,1712
52-18,1126
52-19,857
52-20,1583
52-21,1380
52-22,1543
52-23,550
52-24,386
52-25,400
52-26,1565
52-27,1031
52-28,504
52-29,358
52-30,931
52-31,1139
52-32,1470
52-33,1256
52-34,1459
52-35,1774
52-36,611
52-37,1017
52-38,1367
52-39,1616
52-40,1131
52-41,1448
52-42,1531
52-43,1581
52-44,1256
52-45,1734
52-46,1109
52-47,1378
52-48,1679
52-49,558
52-50,1419
52-51,1365
52-53,391
52-54,1498
52-55,712
52-56,746
52-57,883
52-58,645
52-59,1568
52-60,684
52-61,406
52-62,477
52-63,1160
52-64,1624
52-65,777
52-66,1160
52-67,1649
52-68,1438
52-69,278
52-70,1437
52-71,1013
52-72,676
52-73,832
52-74,1712
52-75,572
52-76,699
52-77,1376
52-78,1694
52-79,972
52-80,1093
52-81,1528
53-1,997
53-2,1008
53-3,1441
53-4,449
53-5,598
53-6,909
53-7,1388
53-8,349
53-9,1564
53-10,1413
53-11,1326
53-12,334
53-13,509
53-14,1397
53-15,1276
53-16,1267
53-17,1547
53-18,961
53-19,692
53-20,1418
53-21,1215
53-22,1378
53-23,385
53-24,221
53-25,235
53-26,1400
53-27,866
53-28,339
53-29,193
53-30,766
53-31,974
53-32,1305
53-33,1091
53-34,1294
53-35,1609
53-36,446
53-37,852
53-38,1202
53-39,1451
53-40,966
53-41,1283
53-42,1366
53-43,1416
53-44,1091
53-45,1569
53-46,944
53-47,1213
53-48,1514
53-49,393
53-50,1254
53-51,1200
53-52,391
53-54,1333
53-55,547
53-56,581
53-57,718
53-58,480
53-59,1403
53-60,519
53-61,241
53-62,312
53-63,995
53-64,1459
53-65,612
53-66,995
53-67,1484
53-68,1273
53-69,113
53-70,1272
53-71,848
53-72,511
53-73,667
53-74,1547
53-75,407
53-76,534
53-77,1211
53-78,1529
53-79,807
53-80,928
53-81,1363
54-1,1315
54-2,1326
54-3,752
54-4,1556
54-5,1705
54-6,545
54-7,699
54-8,1456
54-9,875
54-10,324
54-11,237
54-12,1441
54-13,1616
54-14,308
54-15,587
54-16,178
54-17,458
54-18,597
54-19,1799
54-20,729
54-21,1533
54-22,289
54-23,1492
54-24,1328
54-25,1342
54-26,311
54-27,1184
54-28,1446
54-29,1300
54-30,1873
54-31,1292
54-32,616
54-33,1409
54-34,205
54-35,520
54-36,1553
54-37,1959
54-38,1520
54-39,362
54-40,602
54-41,194
54-42,1684
54-43,327
54-44,1409
54-45,480
54-46,1262
54-47,1531
54-48,825
54-49,1500
54-50,1572
54-51,1518
54-52,1498
54-53,1333
54-55,1654
54-56,1688
54-57,1825
54-58,1587
54-59,314
54-60,1626
54-61,1348
54-62,1419
54-63,1313
54-64,770
54-65,1719
54-66,631
54-67,395
54-68,1591
54-69,1220
54-70,1590
54-71,484
54-72,1618
54-73,1774
54-74,458
54-75,1514
54-76,1641
54-77,122
54-78,440
54-79,1125
54-80,1246
54-81,274
55-1,1318
55-2,1329
55-3,1762
55-4,770
55-5,919
55-6,1230
55-7,1709
55-8,670
55-9,1885
55-10,1734
55-11,1647
55-12,655
55-13,830
55-14,1718
55-15,1597
55-16,1588
55-17,1868
55-18,1282
55-19,1013
55-20,1739
55-21,1536
55-22,1699
55-23,706
55-24,542
55-25,556
55-26,1721
55-27,1187
55-28,660
55-29,514
55-30,1087
55-31,1295
55-32,1626
55-33,1412
55-34,1615
55-35,1930
55-36,767
55-37,1173
55-38,1523
55-39,1772
55-40,1287
55-41,1604
55-42,1687
55-43,1737
55-44,1412
55-45,1890
55-46,1265
55-47,1534
55-48,1835
55-49,714
55-50,1575
55-51,1521
55-52,712
55-53,547
55-54,1654
55-56,902
55-57,1039
55-58,801
55-59,1724
55-60,840
55-61,562
55-62,633
55-63,1316
55-64,1780
55-65,933
55-66,1316
55-67,1805
55-68,1594
55-69,434
55-70,1593
55-71,1169
55-72,832
55-73,988
55-74,1868
55-75,728
55-76,855
55-77,1532
55-78,1850
55-79,1128
55-80,1249
55-81,1684
56-1,1352
56-2,1363
56-3,1796
56-4,804
56-5,953
56-6,1264
56-7,1743
56-8,704
56-9,1919
56-10,1768
56-11,1681
56-12,689
56-13,864
56-14,1752
56-15,1631
56-16,1622
56-17,1902
56-18,1316
56-19,1047
56-20,1773
56-21,1570
56-22,1733
56-23,740
56-24,576
56-25,590
56-26,1755
56-27,1221
56-28,694
56-29,548
56-30,1121
56-31,1329
56-32,1660
56-33,1446
56-34,1649
56-35,1964
56-36,801
56-37,1207
56-38,1557
56-39,1806
56-40,1321
56-41,1638
56-42,1721
56-43,1771
56-44,1446
56-45,1924
56-46,1299
56-47,1568
56-48,1869
56-49,748
56-50,1609
56-51,1555
56-52,746
56-53,581
56-54,1688
56-55,902
56-57,1073
56-58,835
56-59,1758
56-60,874
56-61,596
56-62,667
56-63,1350
56-64,1814
56-65,967
56-66,1350
56-67,1839
56-68,1628
56-69,468
56-70,1627
56-71,1203
56-72,866
56-73,1022
56-74,1902
56-75,762
56-76,889
56-77,1566
56-78,1884
56-79,1162
56-80,1283
56-81,1718
57-1,1489
57-2,1500
57-3,1933
57-4,941
57-5,1090
57-6,1401
57-7,1880
57-8,841
57-9,2056
57-10,1905
57-11,1818
57-12,826
57-13,1001
57-14,1889
57-15,1768
57-16,1759
57-17,2039
57-18,1453
57-19,1184
57-20,1910
57-21,1707
57-22,1870
57-23,877
57-24,713
57-25,727
57-26,1892
57-27,1358
57-28,831
57-29,685
57-30,1258
57-31,1466
57-32,1797
57-33,1583
57-34,1786
57-35,2101
57-36,938
57-37,1344
57-38,1694
57-39,1943
57-40,1458
57-41,1775
57-42,1858
57-43,1908
57-44,1583
57-45,2061
57-46,1436
57-47,1705
57-48,2006
57-49,885
57-50,1746
57-51,1692
57-52,883
57-53,718
57-54,1825
57-55,1039
57-56,1073
57-58,972
57-59,1895
57-60,1011
57-61,733
57-62,804
57-63,1487
57-64,1951
57-65,1104
57-66,1487
57-67,1976
57-68,1765
57-69,605
57-70,1764
57-71,1340
57-72,1003
57-73,1159
57-74,2039
57-75,899
57-76,1026
57-77,1703
57-78,2021
57-79,1299
57-80,1420
57-81,1855
58-1,1251
58-2,1262
58-3,1695
58-4,703
58-5,852
58-6,1163
58-7,1642
58-8,603
58-9,1818
58-10,1667
58-11,1580
58-12,588
58-13,763
58-14,1651
58-15,1530
58-16,1521
58-17,1801
58-18,1215
58-19,946
58-20,1672
58-21,1469
58-22,1632
58-23,639
58-24,475
58-25,489
58-26,1654
58-27,1120
58-28,593
58-29,447
58-30,1020
58-31,1228
58-32,1559
58-33,1345
58-34,1548
58-35,1863
58-36,700
58-37,1106
58-38,1456
58-39,1705
58-40,1220
58-41,1537
58-42,1620
58-43,1670
58-44,1345
58-45,1823
58-46,1198
58-47,1467
58-48,1768
58-49,647
58-50,1508
58-51,1454
58-52,645
58-53,480
58-54,1587
58-55,801
58-56,835
58-57,972
58-59,1657
58-60,773
58-61,495
58-62,566
58-63,1249
58-64,1713
58-65,866
58-66,1249
58-67,1738
58-68,1527
58-69,367
58-70,1526
58-71,1102
58-72,765
58-73,921
58-74,1801
58-75,661
58-76,788
58-77,1465
58-78,1783
58-79,1061
58-80,1182
58-81,1617
59-1,1385
59-2,1396
59-3,822
59-4,1626
59-5,1775
59-6,615
59-7,769
59-8,1526
59-9,945
59-10,394
59-11,307
59-12,1511
59-13,1686
59-14,378
59-15,657
59-16,248
59-17,528
59-18,667
59-19,1869
59-20,799
59-21,1603
59-22,359
59-23,1562
59-24,1398
59-25,1412
59-26,381
59-27,1254
59-28,1516
59-29,1370
59-30,1943
59-31,1362
59-32,686
59-33,1479
59-34,275
59-35,590
59-36,1623
59-37,2029
59-38,1590
59-39,432
59-40,672
59-41,264
59-42,1754
59-43,397
59-44,1479
59-45,550
59-46,1332
59-47,1601
59-48,895
59-49,1570
59-50,1642
59-51,1588
59-52,1568
59-53,1403
59-54,314
59-55,1724
59-56,1758
59-57,1895
59-58,1657
59-60,1696
59-61,1418
59-62,1489
59-63,1383
59-64,840
59-65,1789
59-66,701
59-67,465
59-68,1661
59-69,1290
59-70,1660
59-71,554
59-72,1688
59-73,1844
59-74,528
59-75,1584
59-76,1711
59-77,192
59-78,510
59-79,1195
59-80,1316
59-81,344
60-1,1290
60-2,1301
60-3,1734
60-4,742
60-5,891
60-6,1202
60-7,1681
60-8,642
60-9,1857
60-10,1706
60-11,1619
60-12,627
60-13,802
60-14,1690
60-15,1569
60-16,1560
60-17,1840
60-18,1254
60-19,985
60-20,1711
60-21,1508
60-22,1671
60-23,678
60-24,514
60-25,528
60-26,1693
60-27,1159
60-28,632
60-29,486
60-30,1059
60-31,1267
60-32,1598
60-33,1384
60-34,1587
60-35,1902
60-36,739
60-37,1145
60-38,1495
60-39,1744
60-40,1259
60-41,1576
60-42,1659
60-43,1709
60-44,1384
60-45,1862
60-46,1237
60-47,1506
60-48,1807
60-49,686
60-50,1547
60-51,1493
60-52,684
60-53,519
60-54,1626
60-55,840
60-56,874
60-57,1011
60-58,773
60-59,1696
60-61,534
60-62,605
60-63,1288
60-64,1752
60-65,905
60-66,1288
60-67,1777
60-68,1566
60-69,406
60-70,1565
60-71,1141
60-72,804
60-73,960
60-74,1840
60-75,700
60-76,827
60-77,1504
60-78,1822
60-79,1100
60-80,1221
60-81,1656
61-1,1012
61-2,1023
61-3,1456
61-4,464
61-5,613
61-6,924
61-7,1403
61-8,364
61-9,1579
61-10,1428
61-11,1341
61-12,349
61-13,524
61-14,1412
61-15,1291
61-16,1282
61-17,1562
61-18,976
61-19,707
61-20,1433
61-21,1230
61-22,1393
61-23,400
61-24,236
61-25,250
61-26,1415
61-27,881
61-28,354
61-29,208
61-30,781
61-31,989
61-32,1320
61-33,1106
61-34,1309
61-35,1624
61-36,461
61-37,867
61-38,1217
61-39,1466
61-40,981
61-41,1298
61-42,1381
61-43,1431
61-44,1106
61-45,1584
61-46,959
61-47,1228
61-48,1529
61-49,408
61-50,1269
61-51,1215
61-52,406
61-53,241
61-54,1348
61-55,562
61-56,596
61-57,733
61-58,495
61-59,1418
61-60,534
61-62,327
61-63,1010
61-64,1474
61-65,627
61-66,1010
61-67,1499
61-68,1288
61-69,128
61-70,1287
61-71,863
61-72,526
61-73,682
61-74,1562
61-75,422
61-76,549
61-77,1226
61-78,1544
61-79,822
61-80,943
61-81,1378
62-1,1083
62-2,1094
62-3,1527
62-4,535
62-5,684
62-6,995
62-7,1474
62-8,435
62-9,1650
62-10,1499
62-11,1412
62-12,420
62-13,595
62-14,1483
62-15,1362
62-16,1353
62-17,1633
62-18,1047
62-19,778
62-20,1504
62-21,1301
62-22,1464
62-23,471
62-24,307
62-25,321
62-26,1486
62-27,952
62-28,425
62-29,279
62-30,852
62-31,1060
62-32,1391
62-33,1177
62-34,1380
62-35,1695
62-36,532
62-37,938
62-38,1288
62-39,1537
62-40,1052
62-41,1369
62-42,1452
62-43,1502
62-44,1177
62-45,1655
62-46,1030
62-47,1299
62-48,1600
62-49,479
62-50,1340
62-51,1286
62-52,477
62-53,312
62-54,1419
62-55,633
62-56,667
62-57,804
62-58,566
62-59,1489
62-60,605
62-61,327
62-63,1081
62-64,1545
62-65,698
62-66,1081
62-67,1570
62-68,1359
62-69,199
62-70,1358
62-71,934
62-72,597
62-73,753
62-74,1633
62-75,493
62-76,620
62-77,1297
62-78,1615
62-79,893
62-80,1014
62-81,1449
63-1,378
63-2,389
63-3,1184
63-4,1218
63-5,1367
63-6,899
63-7,1131
63-8,1118
63-9,1307
63-10,1393
63-11,1306
63-12,1103
63-13,1278
63-14,1377
63-15,1019
63-16,1247
63-17,1527
63-18,951
63-19,1461
63-20,1161
63-21,596
63-22,1358
63-23,1154
63-24,990
63-25,1004
63-26,1380
63-27,247
63-28,1108
63-29,962
63-30,1535
63-31,355
63-32,1048
63-33,472
63-34,1274
63-35,1589
63-36,1215
63-37,1621
63-38,583
63-39,1431
63-40,956
63-41,1263
63-42,747
63-43,1396
63-44,472
63-45,1549
63-46,325
63-47,594
63-48,1257
63-49,1162
63-50,635
63-51,581
63-52,1160
63-53,995
63-54,1313
63-55,1316
63-56,1350
63-57,1487
63-58,1249
63-59,1383
63-60,1288
63-61,1010
63-62,1081
63-64,1202
63-65,1381
63-66,985
63-67,1464
63-68,654
63-69,882
63-70,653
63-71,838
63-72,1280
63-73,1436
63-74,1527
63-75,1176
63-76,1303
63-77,1191
63-78,1509
63-79,188
63-80,309
63-81,1343
64-1,1204
64-2,1215
64-3,348
64-4,1682
64-5,1831
64-6,743
64-7,295
64-8,1582
64-9,471
64-10,850
64-11,763
64-12,1567
64-13,1742
64-14,834
64-15,183
64-16,704
64-17,984
64-18,795
64-19,1925
64-20,325
64-21,1422
64-22,815
64-23,1618
64-24,1454
64-25,1468
64-26,837
64-27,1073
64-28,1572
64-29,1426
64-30,1999
64-31,1181
64-32,212
64-33,1298
64-34,731
64-35,1046
64-36,1679
64-37,2085
64-38,1409
64-39,888
64-40,800
64-41,720
64-42,1573
64-43,853
64-44,1298
64-45,1006
64-46,1151
64-47,1420
64-48,421
64-49,1626
64-50,1461
64-51,1407
64-52,1624
64-53,1459
64-54,770
64-55,1780
64-56,1814
64-57,1951
64-58,1713
64-59,840
64-60,1752
64-61,1474
64-62,1545
64-63,1202
64-65,1845
64-66,829
64-67,921
64-68,1480
64-69,1346
64-70,1479
64-71,682
64-72,1744
64-73,1900
64-74,984
64-75,1640
64-76,1767
64-77,648
64-78,966
64-79,1014
64-80,1135
64-81,800
65-1,1383
65-2,1394
65-3,1827
65-4,835
65-5,984
65-6,1295
65-7,1774
65-8,735
65-9,1950
65-10,1799
65-11,1712
65-12,720
65-13,895
65-14,1783
65-15,1662
65-16,1653
65-17,1933
65-18,1347
65-19,1078
65-20,1804
65-21,1601
65-22,1764
65-23,771
65-24,607
65-25,621
65-26,1786
65-27,1252
65-28,725
65-29,579
65-30,1152
65-31,1360
65-32,1691
65-33,1477
65-34,1680
65-35,1995
65-36,832
65-37,1238
65-38,1588
65-39,1837
65-40,1352
65-41,1669
65-42,1752
65-43,1802
65-44,1477
65-45,1955
65-46,1330
65-47,1599
65-48,1900
65-49,779
65-50,1640
65-51,1586
65-52,777
65-53,612
65-54,1719
65-55,933
65-56,967
65-57,1104
65-58,866
65-59,1789
65-60,905
65-61,627
65-62,698
65-63,1381
65-64,1845
65-66,1381
65-67,1870
65-68,1659
65-69,499
65-70,1658
65-71,1234
65-72,897
65-73,1053
65-74,1933
65-75,793
65-76,920
65-77,1597
65-78,1915
65-79,1193
65-80,1314
65-81,1749
66-1,987
66-2,998
66-3,811
66-4,1218
66-5,1367
66-6,208
66-7,758
66-8,1118
66-9,934
66-10,711
66-11,624
66-12,1103
66-13,1278
66-14,695
66-15,646
66-16,565
66-17,845
66-18,260
66-19,1461
66-20,788
66-21,1205
66-22,676
66-23,1154
66-24,990
66-25,1004
66-26,698
66-27,856
66-28,1108
66-29,962
66-30,1535
66-31,964
66-32,675
66-33,1081
66-34,592
66-35,907
66-36,1215
66-37,1621
66-38,1192
66-39,749
66-40,265
66-41,581
66-42,1356
66-43,714
66-44,1081
66-45,867
66-46,934
66-47,1203
66-48,884
66-49,1162
66-50,1244
66-51,1190
66-52,1160
66-53,995
66-54,631
66-55,1316
66-56,1350
66-57,1487
66-58,1249
66-59,701
66-60,1288
66-61,1010
66-62,1081
66-63,985
66-64,829
66-65,1381
66-67,782
66-68,1263
66-69,882
66-70,1262
66-71,147
66-72,1280
66-73,1436
66-74,845
66-75,1176
66-76,1303
66-77,509
66-78,827
66-79,797
66-80,918
66-81,661
67-1,1466
67-2,1477
67-3,903
67-4,1707
67-5,1856
67-6,696
67-7,850
67-8,1607
67-9,1026
67-10,475
67-11,388
67-12,1592
67-13,1767
67-14,459
67-15,738
67-16,329
67-17,609
67-18,748
67-19,1950
67-20,880
67-21,1684
67-22,440
67-23,1643
67-24,1479
67-25,1493
67-26,462
67-27,1335
67-28,1597
67-29,1451
67-30,2024
67-31,1443
67-32,767
67-33,1560
67-34,356
67-35,671
67-36,1704
67-37,2110
67-38,1671
67-39,513
67-40,753
67-41,345
67-42,1835
67-43,478
67-44,1560
67-45,631
67-46,1413
67-47,1682
67-48,976
67-49,1651
67-50,1723
67-51,1669
67-52,1649
67-53,1484
67-54,395
67-55,1805
67-56,1839
67-57,1976
67-58,1738
67-59,465
67-60,1777
67-61,1499
67-62,1570
67-63,1464
67-64,921
67-65,1870
67-66,782
67-68,1742
67-69,1371
67-70,1741
67-71,635
67-72,1769
67-73,1925
67-74,609
67-75,1665
67-76,1792
67-77,273
67-78,591
67-79,1276
67-80,1397
67-81,425
68-1,656
68-2,667
68-3,1462
68-4,1496
68-5,1645
68-6,1177
68-7,1409
68-8,1396
68-9,1585
68-10,1671
68-11,1584
68-12,1381
68-13,1556
68-14,1655
68-15,1297
68-16,1525
68-17,1805
68-18,1229
68-19,1739
68-20,1439
68-21,874
68-22,1636
68-23,1432
68-24,1268
68-25,1282
68-26,1658
68-27,525
68-28,1386
68-29,1240
68-30,1813
68-31,633
68-32,1326
68-33,750
68-34,1552
68-35,1867
68-36,1493
68-37,1899
68-38,861
68-39,1709
68-40,1234
68-41,1541
68-42,1025
68-43,1674
68-44,750
68-45,1827
68-46,603
68-47,872
68-48,1535
68-49,1440
68-50,913
68-51,859
68-52,1438
68-53,1273
68-54,1591
68-55,1594
68-56,1628
68-57,1765
68-58,1527
68-59,1661
68-60,1566
68-61,1288
68-62,1359
68-63,654
68-64,1480
68-65,1659
68-66,1263
68-67,1742
68-69,1160
68-70,931
68-71,1116
68-72,1558
68-73,1714
68-74,1805
68-75,1454
68-76,1581
68-77,1469
68-78,1787
68-79,466
68-80,587
68-81,1621
69-1,884
69-2,895
69-3,1328
69-4,336
69-5,485
69-6,796
69-7,1275
69-8,236
69-9,1451
69-10,1300
69-11,1213
69-12,221
69-13,396
69-14,1284
69-15,1163
69-16,1154
69-17,1434
69-18,848
69-19,579
69-20,1305
69-21,1102
69-22,1265
69-23,272
69-24,108
69-25,122
69-26,1287
69-27,753
69-28,226
69-29,80
69-30,653
69-31,861
69-32,1192
69-33,978
69-34,1181
69-35,1496
69-36,333
69-37,739
69-38,1089
69-39,1338
69-40,853
69-41,1170
69-42,1253
69-43,1303
69-44,978
69-45,1456
69-46,831
69-47,1100
69-48,1401
69-49,280
69-50,1141
69-51,1087
69-52,278
69-53,113
69-54,1220
69-55,434
69-56,468
69-57,605
69-58,367
69-59,1290
69-60,406
69-61,128
69-62,199
69-63,882
69-64,1346
69-65,499
69-66,882
69-67,1371
69-68,1160
69-70,1159
69-71,735
69-72,398
69-73,554
69-74,1434
69-75,294
69-76,421
69-77,1098
69-78,1416
69-79,694
69-80,815
69-81,1250
70-1,655
70-2,666
70-3,1461
70-4,1495
70-5,1644
70-6,1176
70-7,1408
70-8,1395
70-9,1584
70-10,1670
70-11,1583
70-12,1380
70-13,1555
70-14,1654
70-15,1296
70-16,1524
70-17,1804
70-18,1228
70-19,1738
70-20,1438
70-21,873
70-22,1635
70-23,1431
70-24,1267
70-25,1281
70-26,1657
70-27,524
70-28,1385
70-29,1239
70-30,1812
70-31,632
70-32,1325
70-33,749
70-34,1551
70-35,1866
70-36,1492
70-37,1898
70-38,860
70-39,1708
70-40,1233
70-41,1540
70-42,1024
70-43,1673
70-44,749
70-45,1826
70-46,602
70-47,871
70-48,1534
70-49,1439
70-50,912
70-51,858
70-52,1437
70-53,1272
70-54,1590
70-55,1593
70-56,1627
70-57,1764
70-58,1526
70-59,1660
70-60,1565
70-61,1287
70-62,1358
70-63,653
70-64,1479
70-65,1658
70-66,1262
70-67,1741
70-68,931
70-69,1159
70-71,1115
70-72,1557
70-73,1713
70-74,1804
70-75,1453
70-76,1580
70-77,1468
70-78,1786
70-79,465
70-80,586
70-81,1620
71-1,840
71-2,851
71-3,664
71-4,1071
71-5,1220
71-6,61
71-7,611
71-8,971
71-9,787
71-10,564
71-11,477
71-12,956
71-13,1131
71-14,548
71-15,499
71-16,418
71-17,698
71-18,113
71-19,1314
71-20,641
71-21,1058
71-22,529
71-23,1007
71-24,843
71-25,857
71-26,551
71-27,709
71-28,961
71-29,815
71-30,1388
71-31,817
71-32,528
71-33,934
71-34,445
71-35,760
71-36,1068
71-37,1474
71-38,1045
71-39,602
71-40,118
71-41,434
71-42,1209
71-43,567
71-44,934
71-45,720
71-46,787
71-47,1056
71-48,737
71-49,1015
71-50,1097
71-51,1043
71-52,1013
71-53,848
71-54,484
71-55,1169
71-56,1203
71-57,1340
71-58,1102
71-59,554
71-60,1141
71-61,863
71-62,934
71-63,838
71-64,682
71-65,1234
71-66,147
71-67,635
71-68,1116
71-69,735
71-70,1115
71-72,1133
71-73,1289
71-74,698
71-75,1029
71-76,1156
71-77,362
71-78,680
71-79,650
71-80,771
71-81,514
72-1,1282
72-2,1293
72-3,1726
72-4,734
72-5,883
72-6,1194
72-7,1673
72-8,634
72-9,1849
72-10,1698
72-11,1611
72-12,619
72-13,794
72-14,1682
72-15,1561
72-16,1552
72-17,1832
72-18,1246
72-19,977
72-20,1703
72-21,1500
72-22,1663
72-23,670
72-24,506
72-25,520
72-26,1685
72-27,1151
72-28,624
72-29,478
72-30,1051
72-31,1259
72-32,1590
72-33,1376
72-34,1579
72-35,1894
72-36,731
72-37,1137
72-38,1487
72-39,1736
72-40,1251
72-41,1568
72-42,1651
72-43,1701
72-44,1376
72-45,1854
72-46,1229
72-47,1498
72-48,1799
72-49,678
72-50,1539
72-51,1485
72-52,676
72-53,511
72-54,1618
72-55,832
72-56,866
72-57,1003
72-58,765
72-59,1688
72-60,804
72-61,526
72-62,597
72-63,1280
72-64,1744
72-65,897
72-66,1280
72-67,1769
72-68,1558
72-69,398
72-70,1557
72-71,1133
72-73,952
72-74,1832
72-75,692
72-76,819
72-77,1496
72-78,1814
72-79,1092
72-80,1213
72-81,1648
73-1,1438
73-2,1449
73-3,1882
73-4,890
73-5,1039
73-6,1350
73-7,1829
73-8,790
73-9,2005
73-10,1854
73-11,1767
73-12,775
73-13,950
73-14,1838
73-15,1717
73-16,1708
73-17,1988
73-18,1402
73-19,1133
73-20,1859
73-21,1656
73-22,1819
73-23,826
73-24,662
73-25,676
73-26,1841
73-27,1307
73-28,780
73-29,634
73-30,1207
73-31,1415
73-32,1746
73-33,1532
73-34,1735
73-35,2050
73-36,887
73-37,1293
73-38,1643
73-39,1892
73-40,1407
73-41,1724
73-42,1807
73-43,1857
73-44,1532
73-45,2010
73-46,1385
73-47,1654
73-48,1955
73-49,834
73-50,1695
73-51,1641
73-52,832
73-53,667
73-54,1774
73-55,988
73-56,1022
73-57,1159
73-58,921
73-59,1844
73-60,960
73-61,682
73-62,753
73-63,1436
73-64,1900
73-65,1053
73-66,1436
73-67,1925
73-68,1714
73-69,554
73-70,1713
73-71,1289
73-72,952
73-74,1988
73-75,848
73-76,975
73-77,1652
73-78,1970
73-79,1248
73-80,1369
73-81,1804
74-1,1529
74-2,1540
74-3,966
74-4,1770
74-5,1919
74-6,759
74-7,913
74-8,1670
74-9,1089
74-10,538
74-11,451
74-12,1655
74-13,1830
74-14,522
74-15,801
74-16,392
74-17,672
74-18,811
74-19,2013
74-20,943
74-21,1747
74-22,503
74-23,1706
74-24,1542
74-25,1556
74-26,525
74-27,1398
74-28,1660
74-29,1514
74-30,2087
74-31,1506
74-32,830
74-33,1623
74-34,419
74-35,734
74-36,1767
74-37,2173
74-38,1734
74-39,576
74-40,816
74-41,408
74-42,1898
74-43,541
74-44,1623
74-45,694
74-46,1476
74-47,1745
74-48,1039
74-49,1714
74-50,1786
74-51,1732
74-52,1712
74-53,1547
74-54,458
74-55,1868
74-56,1902
74-57,2039
74-58,1801
74-59,528
74-60,1840
74-61,1562
74-62,1633
74-63,1527
74-64,984
74-65,1933
74-66,845
74-67,609
74-68,1805
74-69,1434
74-70,1804
74-71,698
74-72,1832
74-73,1988
74-75,1728
74-76,1855
74-77,336
74-78,654
74-79,1339
74-80,1460
74-81,488
75-1,1178
75-2,1189
75-3,1622
75-4,630
75-5,779
75-6,1090
75-7,1569
75-8,530
75-9,1745
75-10,1594
75-11,1507
75-12,515
75-13,690
75-14,1578
75-15,1457
75-16,1448
75-17,1728
75-18,1142
75-19,873
75-20,1599
75-21,1396
75-22,1559
75-23,566
75-24,402
75-25,416
75-26,1581
75-27,1047
75-28,520
75-29,374
75-30,947
75-31,1155
75-32,1486
75-33,1272
75-34,1475
75-35,1790
75-36,627
75-37,1033
75-38,1383
75-39,1632
75-40,1147
75-41,1464
75-42,1547
75-43,1597
75-44,1272
75-45,1750
75-46,1125
75-47,1394
75-48,1695
75-49,574
75-50,1435
75-51,1381
75-52,572
75-53,407
75-54,1514
75-55,728
75-56,762
75-57,899
75-58,661
75-59,1584
75-60,700
75-61,422
75-62,493
75-63,1176
75-64,1640
75-65,793
75-66,1176
75-67,1665
75-68,1454
75-69,294
75-70,1453
75-71,1029
75-72,692
75-73,848
75-74,1728
75-76,715
75-77,1392
75-78,1710
75-79,988
75-80,1109
75-81,1544
76-1,1305
76-2,1316
76-3,1749
76-4,757
76-5,906
76-6,1217
76-7,1696
76-8,657
76-9,1872
76-10,1721
76-11,1634
76-12,642
76-13,817
76-14,1705
76-15,1584
76-16,1575
76-17,1855
76-18,1269
76-19,1000
76-20,1726
76-21,1523
76-22,1686
76-23,693
76-24,529
76-25,543
76-26,1708
76-27,1174
76-28,647
76-29,501
76-30,1074
76-31,1282
76-32,1613
76-33,1399
76-34,1602
76-35,1917
76-36,754
76-37,1160
76-38,1510
76-39,1759
76-40,1274
76-41,1591
76-42,1674
76-43,1724
76-44,1399
76-45,1877
76-46,1252
76-47,1521
76-48,1822
76-49,701
76-50,1562
76-51,1508
76-52,699
76-53,534
76-54,1641
76-55,855
76-56,889
76-57,1026
76-58,788
76-59,1711
76-60,827
76-61,549
76-62,620
76-63,1303
76-64,1767
76-65,920
76-66,1303
76-67,1792
76-68,1581
76-69,421
76-70,1580
76-71,1156
76-72,819
76-73,975
76-74,1855
76-75,715
76-77,1519
76-78,1837
76-79,1115
76-80,1236
76-81,1671
77-1,1193
77-2,1204
77-3,630
77-4,1434
77-5,1583
77-6,423
77-7,577
77-8,1334
77-9,753
77-10,202
77-11,115
77-12,1319
77-13,1494
77-14,186
77-15,465
77-16,56
77-17,336
77-18,475
77-19,1677
77-20,607
77-21,1411
77-22,167
77-23,1370
77-24,1206
77-25,1220
77-26,189
77-27,1062
77-28,1324
77-29,1178
77-30,1751
77-31,1170
77-32,494
77-33,1287
77-34,83
77-35,398
77-36,1431
77-37,1837
77-38,1398
77-39,240
77-40,480
77-41,72
77-42,1562
77-43,205
77-44,1287
77-45,358
77-46,1140
77-47,1409
77-48,703
77-49,1378
77-50,1450
77-51,1396
77-52,1376
77-53,1211
77-54,122
77-55,1532
77-56,1566
77-57,1703
77-58,1465
77-59,192
77-60,1504
77-61,1226
77-62,1297
77-63,1191
77-64,648
77-65,1597
77-66,509
77-67,273
77-68,1469
77-69,1098
77-70,1468
77-71,362
77-72,1496
77-73,1652
77-74,336
77-75,1392
77-76,1519
77-78,318
77-79,1003
77-80,1124
77-81,152
78-1,1511
78-2,1522
78-3,948
78-4,1752
78-5,1901
78-6,741
78-7,895
78-8,1652
78-9,1071
78-10,520
78-11,433
78-12,1637
78-13,1812
78-14,504
78-15,783
78-16,374
78-17,654
78-18,793
78-19,1995
78-20,925
78-21,1729
78-22,485
78-23,1688
78-24,1524
78-25,1538
78-26,507
78-27,1380
78-28,1642
78-29,1496
78-30,2069
78-31,1488
78-32,812
78-33,1605
78-34,401
78-35,716
78-36,1749
78-37,2155
78-38,1716
78-39,558
78-40,798
78-41,390
78-42,1880
78-43,523
78-44,1605
78-45,676
78-46,1458
78-47,1727
78-48,1021
78-49,1696
78-50,1768
78-51,1714
78-52,1694
78-53,1529
78-54,440
78-55,1850
78-56,1884
78-57,2021
78-58,1783
78-59,510
78-60,1822
78-61,1544
78-62,1615
78-63,1509
78-64,966
78-65,1915
78-66,827
78-67,591
78-68,1787
78-69,1416
78-70,1786
78-71,680
78-72,1814
78-73,1970
78-74,654
78-75,1710
78-76,1837
78-77,318
78-79,1321
78-80,1442
78-81,470
79-1,190
79-2,201
79-3,996
79-4,1030
79-5,1179
79-6,711
79-7,943
79-8,930
79-9,1119
79-10,1205
79-11,1118
79-12,915
79-13,1090
79-14,1189
79-15,831
79-16,1059
79-17,1339
79-18,763
79-19,1273
79-20,973
79-21,408
79-22,1170
79-23,966
79-24,802
79-25,816
79-26,1192
79-27,59
79-28,920
79-29,774
79-30,1347
79-31,167
79-32,860
79-33,284
79-34,1086
79-35,1401
79-36,1027
79-37,1433
79-38,395
79-39,1243
79-40,768
79-41,1075
79-42,559
79-43,1208
79-44,284
79-45,1361
79-46,137
79-47,406
79-48,1069
79-49,974
79-50,447
79-51,393
79-52,972
79-53,807
79-54,1125
79-55,1128
79-56,1162
79-57,1299
79-58,1061
79-59,1195
79-60,1100
79-61,822
79-62,893
79-63,188
79-64,1014
79-65,1193
79-66,797
79-67,1276
79-68,466
79-69,694
79-70,465
79-71,650
79-72,1092
79-73,1248
79-74,1339
79-75,988
79-76,1115
79-77,1003
79-78,1321
79-80,121
79-81,1155
80-1,311
80-2,322
80-3,1117
80-4,1151
80-5,1300
80-6,832
80-7,1064
80-8,1051
80-9,1240
80-10,1326
80-11,1239
80-12,1036
80-13,1211
80-14,1310
80-15,952
80-16,1180
80-17,1460
80-18,884
80-19,1394
80-20,1094
80-21,529
80-22,1291
80-23,1087
80-24,923
80-25,937
80-26,1313
80-27,180
80-28,1041
80-29,895
80-30,1468
80-31,288
80-32,981
80-33,405
80-34,1207
80-35,1522
80-36,1148
80-37,1554
80-38,516
80-39,1364
80-40,889
80-41,1196
80-42,680
80-43,1329
80-44,405
80-45,1482
80-46,258
80-47,527
80-48,1190
80-49,1095
80-50,568
80-51,514
80-52,1093
80-53,928
80-54,1246
80-55,1249
80-56,1283
80-57,1420
80-58,1182
80-59,1316
80-60,1221
80-61,943
80-62,1014
80-63,309
80-64,1135
80-65,1314
80-66,918
80-67,1397
80-68,587
80-69,815
80-70,586
80-71,771
80-72,1213
80-73,1369
80-74,1460
80-75,1109
80-76,1236
80-77,1124
80-78,1442
80-79,121
80-81,1276
81-1,1345
81-2,1356
81-3,782
81-4,1586
81-5,1735
81-6,575
81-7,729
81-8,1486
81-9,905
81-10,354
81-11,267
81-12,1471
81-13,1646
81-14,338
81-15,617
81-16,208
81-17,488
81-18,627
81-19,1829
81-20,759
81-21,1563
81-22,319
81-23,1522
81-24,1358
81-25,1372
81-26,341
81-27,1214
81-28,1476
81-29,1330
81-30,1903
81-31,1322
81-32,646
81-33,1439
81-34,235
81-35,550
81-36,1583
81-37,1989
81-38,1550
81-39,392
81-40,632
81-41,224
81-42,1714
81-43,357
81-44,1439
81-45,510
81-46,1292
81-47,1561
81-48,855
81-49,1530
81-50,1602
81-51,1548
81-52,1528
81-53,1363
81-54,274
81-55,1684
81-56,1718
81-57,1855
81-58,1617
81-59,344
81-60,1656
81-61,1378
81-62,1449
81-63,1343
81-64,800
81-65,1749
81-66,661
81-67,425
81-68,1621
81-69,1250
81-70,1620
81-71,514
81-72,1648
81-73,1804
81-74,488
81-75,1544
81-76,1671
81-77,152
81-78,470
81-79,1155
81-80,1276
